id,product_unit_id,actor_id,actor_organization_id,event_type,location_label,latitude,longitude,timestamp,event_hash,previous_event_hash,tx_hash,chain_status,idempotency_key,metadata,created_at
1,1,24,5,manufactured,Chicago Regional Warehouse,41.8781,-87.6298,2024-01-13 00:00:00+00,98585201e0f91f050f1483d3c1ac0f8a90967279e11bcd9c011ddfc6afa4efae,0000000000000000000000000000000000000000000000000000000000000000,0x336f85821f33795c929776f120c21263986c40a481b4df7155ce4f3d01bd1fd3,confirmed,unit-1-manufactured-20240113T000000-3286,"{""batch_no"": ""B9935"", ""line"": ""A""}",2024-01-13 00:05:00+00
2,1,12,4,sold,New York Fulfillment Center,40.7128,-74.006,2024-08-01 05:00:00+00,a5d0992fc32b4192857c7dbbe3c95a9a33fd1487d843f13786f0653216588085,0000000000000000000000000000000000000000000000000000000000000000,0x6bbcaae97c9c33eec47f5cb5a24987ba1a4925cc00fe95cd64fd5af95bc1f08e,confirmed,unit-1-sold-20240801T050000-2402,{},2024-08-01 05:02:00+00
3,1,14,3,manufactured,Mumbai Inspection Center,19.076,72.8777,2025-01-07 11:00:00+00,2c33fdf7ddbdd4564fccbf203a4139e54ba582c1887723306f694084bb302006,a5d0992fc32b4192857c7dbbe3c95a9a33fd1487d843f13786f0653216588085,,pending,unit-1-manufactured-20250107T110000-6995,{},2025-01-07 11:04:00+00
4,1,17,5,manufactured,Mexico City Assembly Plant,19.4326,-99.1332,2025-05-15 09:00:00+00,a10aa79c84f6cb3f30d5cd7eab43064c1888daa8bea013da945c9027b5a67d6f,2c33fdf7ddbdd4564fccbf203a4139e54ba582c1887723306f694084bb302006,0x3e94a86f1fa8f987b9e02f1c8bd874a8cf122841e6fdfd0467cd3434c927336f,failed,unit-1-manufactured-20250515T090000-8054,{},2025-05-15 09:00:00+00
5,2,2,1,manufactured,Los Angeles Port Terminal,33.7406,-118.2706,2024-08-04 00:00:00+00,32d102697fcac0f6be704b32ce5c246b1994a7c2458ef0fe34515e145fc5976d,0000000000000000000000000000000000000000000000000000000000000000,0x08c48958d5f8eb4c1c284d2a5b425818d88c3a94b2a49862e16efec2076b25b6,confirmed,unit-2-manufactured-20240804T000000-4811,"{""batch_no"": ""B1434"", ""line"": ""C""}",2024-08-04 00:04:00+00
6,2,7,9,inspected,Dallas Retail Store #12,32.7767,-96.797,2024-08-05 08:00:00+00,e9b833a13f7be9a3f7fa6ca4551a1bec34ca55269e75dc8a0d305c0044abb2ed,32d102697fcac0f6be704b32ce5c246b1994a7c2458ef0fe34515e145fc5976d,0xae8a7318f4ce4da0c02a891e99df2adf0238553039d514ac21f9ebc4508df7f2,confirmed,unit-2-inspected-20240805T080000-8359,"{""inspector_notes"": ""passed"", ""score"": 96.4}",2024-08-05 08:00:00+00
7,2,6,7,shipped,Hamburg Container Yard,53.5511,9.9937,2024-08-07 06:00:00+00,69a63a208b01de5cfb61993fc2d668e03afad8808cdbecf4964e35758fa45693,e9b833a13f7be9a3f7fa6ca4551a1bec34ca55269e75dc8a0d305c0044abb2ed,0x628d719fb0151126ce185f8eb3d1eb38bf3b3a4a75ba7d90cf8c19d8aa392710,confirmed,unit-2-shipped-20240807T060000-3547,"{""carrier"": ""DHL"", ""container_id"": ""CNT207175""}",2024-08-07 06:01:00+00
8,2,3,7,received,Los Angeles Port Terminal,33.7406,-118.2706,2024-08-10 03:00:00+00,0e77e30bf89275761f2044baeeaa9f2b56d2eb0c6d0c63a0edc86e049278bab6,69a63a208b01de5cfb61993fc2d668e03afad8808cdbecf4964e35758fa45693,0xb396fac7ba5f2f0ac52cb533f87c1dbabd481380384b268bce6b333617412b82,confirmed,unit-2-received-20240810T030000-6635,"{""dock"": ""D2"", ""condition"": ""good""}",2024-08-10 03:01:00+00
9,2,15,9,sold,Los Angeles Port Terminal,33.7406,-118.2706,2024-08-12 16:00:00+00,1df68a1816ed251eecaf620121823087c5e1f697c014060d5f47e7b3f4911ddb,0e77e30bf89275761f2044baeeaa9f2b56d2eb0c6d0c63a0edc86e049278bab6,0x83192932ba1adf56dd23e289539cbf3c1daab2ed495cb31a4b9aa55f917d9f63,confirmed,unit-2-sold-20240812T160000-2291,"{""order_id"": ""ORD92397"", ""channel"": ""wholesale""}",2024-08-12 16:05:00+00
10,2,11,2,shipped,Dallas Retail Store #12,32.7767,-96.797,2024-10-25 09:00:00+00,6e5a466b698305da3bcb540357d897a965640aa9fb0c2a22277b3d474ba3a251,5bf6ec75cb9e51c68d7966f51033f6f12b1a1fffc1c8036e160a7c466f6b9ef0,0xdc028e15c07b8c175ffe1fed9141d66ffecbcf3fb1da748e27edbc6a6d0d2ef8,confirmed,unit-2-shipped-20241025T090000-1436,{},2024-10-25 09:04:00+00
11,2,18,10,shipped,New York Fulfillment Center,40.7128,-74.006,2025-01-03 13:00:00+00,a1d2caac53c6e8f725fdec1da451d722672690dd421ae4b38b1165b8db395c95,6e5a466b698305da3bcb540357d897a965640aa9fb0c2a22277b3d474ba3a251,0xb15357bcfd88fa5445d67eb1ae22e48eacd53f21dd971c0e70fab6b61be5a22d,confirmed,unit-2-shipped-20250103T130000-4214,{},2025-01-03 13:03:00+00
12,2,7,3,shipped,Mexico City Assembly Plant,19.4326,-99.1332,2025-04-26 23:00:00+00,5bf6ec75cb9e51c68d7966f51033f6f12b1a1fffc1c8036e160a7c466f6b9ef0,0000000000000000000000000000000000000000000000000000000000000000,,pending,unit-2-shipped-20250426T230000-7934,{},2025-04-26 23:02:00+00
13,3,12,5,received,Sao Paulo Depot,-23.5505,-46.6333,2024-01-09 11:00:00+00,56930b5f118bfac3e718b4b601be8a37ca174272ebbe484eb1040f56258db48a,c0e721ce41c32d15cda943e6e7dff6ee2eaff6be7167d62ecef7939e67aede5d,0x7bd0c9a361872d3dc780354a85163cf99c5fdc24c7250d0d067358108bc21b63,confirmed,unit-3-received-20240109T110000-6649,{},2024-01-09 11:00:00+00
14,3,7,2,manufactured,Shenzhen Factory Floor 2,22.5431,114.0579,2024-10-22 00:00:00+00,9e70da8058821cfdae76a80e6c5cb7ec3988bffa8eda52af14200fcb5baea624,0000000000000000000000000000000000000000000000000000000000000000,,simulated,unit-3-manufactured-20241022T000000-5741,"{""batch_no"": ""B4814"", ""line"": ""A""}",2024-10-22 00:00:00+00
15,3,13,5,inspected,Singapore Logistics Hub,1.3521,103.8198,2024-10-24 02:00:00+00,af8a955c4ba14e04e103a9a3bb18879e51b6f9eea297770ef60582fb11c712b8,9e70da8058821cfdae76a80e6c5cb7ec3988bffa8eda52af14200fcb5baea624,0x5078d329c8f4d33c26a504d85426b9a9a49d85f87fbd251a141748d5b2968f74,confirmed,unit-3-inspected-20241024T020000-3664,"{""inspector_notes"": ""passed"", ""score"": 95.1}",2024-10-24 02:05:00+00
16,3,23,2,shipped,New York Fulfillment Center,40.7128,-74.006,2024-10-24 02:00:00+00,c499ce11e5ae117d05129ce818337045c59bbd08207a2752a9cdd90f9f7999ed,af8a955c4ba14e04e103a9a3bb18879e51b6f9eea297770ef60582fb11c712b8,0x66f6e83b1e32d3c2310cf039d3ed459ec213d7a63a41fbee769356604fab5f2a,confirmed,unit-3-shipped-20241024T020000-9751,"{""carrier"": ""FedEx"", ""container_id"": ""CNT584714""}",2024-10-24 02:02:00+00
17,3,12,4,received,Singapore Logistics Hub,1.3521,103.8198,2024-11-08 09:00:00+00,c0e721ce41c32d15cda943e6e7dff6ee2eaff6be7167d62ecef7939e67aede5d,0000000000000000000000000000000000000000000000000000000000000000,0x0ed869f400723e6b8905e36f53b2733658709f004fc5654e48ee7a8a9a11e234,confirmed,unit-3-received-20241108T090000-8355,{},2024-11-08 09:04:00+00
18,3,20,7,shipped,Mumbai Inspection Center,19.076,72.8777,2024-11-23 01:00:00+00,9f491b26580c43f0681e8f5811fdbb5fa647066ec5193e0371354c084c8d2e9e,56930b5f118bfac3e718b4b601be8a37ca174272ebbe484eb1040f56258db48a,0x335ef1992edfd02a4b7e7561bb07867a98af7b7506f68bfcba9e0787d44305ee,confirmed,unit-3-shipped-20241123T010000-7655,{},2024-11-23 01:04:00+00
19,4,21,9,manufactured,Chicago Regional Warehouse,41.8781,-87.6298,2024-05-18 00:00:00+00,4f84126d99facbe87db727a1a4ad02efffdcf5bb23d7462df6355082ba12a6a5,0000000000000000000000000000000000000000000000000000000000000000,0xcb291f14c499ca69c272407b5db661e1b1e95cb5b181f421d18f5af8c03f3120,confirmed,unit-4-manufactured-20240518T000000-1916,"{""batch_no"": ""B1525"", ""line"": ""B""}",2024-05-18 00:05:00+00
20,4,13,5,inspected,Los Angeles Port Terminal,33.7406,-118.2706,2024-05-19 07:00:00+00,a366e632e14e538d48fb10bb380b98656c33d0704c2f042d2ca1fedd72d391fd,4f84126d99facbe87db727a1a4ad02efffdcf5bb23d7462df6355082ba12a6a5,0xbb14ec0620b5b65474b9f11970b05dfbcfedb3542e0cf12338752703c2cb83e4,confirmed,unit-4-inspected-20240519T070000-6155,"{""inspector_notes"": ""minor defect noted"", ""score"": 90.9}",2024-05-19 07:00:00+00
21,4,21,8,shipped,Rotterdam Distribution Hub,51.9244,4.4777,2024-05-21 02:00:00+00,eed18d8d94badf093bc72f7fe8e171ce9300b3dd7de971cc177f3cb25d1e2292,a366e632e14e538d48fb10bb380b98656c33d0704c2f042d2ca1fedd72d391fd,0x0b6a87fe9272dc0aa0fa4873e162201bcacecd12cf87364aa9a30b81a8d76a60,confirmed,unit-4-shipped-20240521T020000-3287,"{""carrier"": ""DHL"", ""container_id"": ""CNT883300""}",2024-05-21 02:01:00+00
22,4,19,7,received,New York Fulfillment Center,40.7128,-74.006,2024-05-24 21:00:00+00,ae1fa26a2284589be11c5a3d43a7420f29be9852bcfe501a0ed3ef73ae92d5cd,eed18d8d94badf093bc72f7fe8e171ce9300b3dd7de971cc177f3cb25d1e2292,0xa29abe6a8c3b58ad6e16603e497b740d868d9271d8a3403b78d0ccc23e4c0e7d,confirmed,unit-4-received-20240524T210000-6930,"{""dock"": ""D5"", ""condition"": ""good""}",2024-05-24 21:02:00+00
23,4,9,2,shipped,,,,2024-07-07 13:00:00+00,f1cd191e1b82c9c77f48f786a4f9399cfb41fe2e967d57427c0eaf34d4f984f8,a93f834617ff4cb74a614710de21300b6662e76a613821935d2bc82218912cd6,,simulated,unit-4-shipped-20240707T130000-8204,{},2024-07-07 13:00:00+00
24,4,15,5,manufactured,Rotterdam Distribution Hub,51.9244,4.4777,2024-07-26 21:00:00+00,8f79c688cfa33cb4f9fdb6842d3c6b24a9a0869ce6b888769405829b998c200c,62e7a433a79905a428277e4e63dc81da66983df3c007473c007be8049a61bc99,0x9690d6429cbedc18036f91f9d5db2344911db9a6e03b8430a021b25a0f0b09a5,confirmed,unit-4-manufactured-20240726T210000-6095,{},2024-07-26 21:01:00+00
25,4,16,1,manufactured,Mumbai Inspection Center,19.076,72.8777,2024-07-28 05:00:00+00,42e6c6b4c7fdd97dd777e9a5f09cea02491c337a13c72242d7798292460fa950,8f79c688cfa33cb4f9fdb6842d3c6b24a9a0869ce6b888769405829b998c200c,0xd3bb8343fd4d509ac5c523075b42619276804d28b2c1110073385a7ab5e31955,confirmed,unit-4-manufactured-20240728T050000-7887,{},2024-07-28 05:04:00+00
26,4,18,4,sold,Hamburg Container Yard,53.5511,9.9937,2024-10-10 09:00:00+00,62e7a433a79905a428277e4e63dc81da66983df3c007473c007be8049a61bc99,f1cd191e1b82c9c77f48f786a4f9399cfb41fe2e967d57427c0eaf34d4f984f8,0x92347e79c607691e7ece9443bf5bb56184d77717ec53b74995dbd918ca88521f,confirmed,unit-4-sold-20241010T090000-9261,{},2024-10-10 09:01:00+00
27,4,21,10,sold,Singapore Logistics Hub,1.3521,103.8198,2024-12-03 15:00:00+00,2804cfa67fffddfc879b326967fb99b3ead61c1804879a4dec2108a63ceba34e,42e6c6b4c7fdd97dd777e9a5f09cea02491c337a13c72242d7798292460fa950,0x7270a7ac9d35005c52a284cf716a87cf7ab6db5808e0f60a4923fc01d2761df8,confirmed,unit-4-sold-20241203T150000-9719,{},2024-12-03 15:05:00+00
28,4,12,9,received,Los Angeles Port Terminal,33.7406,-118.2706,2024-12-30 16:00:00+00,a93f834617ff4cb74a614710de21300b6662e76a613821935d2bc82218912cd6,0000000000000000000000000000000000000000000000000000000000000000,,pending,unit-4-received-20241230T160000-5670,{},2024-12-30 16:03:00+00
29,5,25,1,manufactured,Los Angeles Port Terminal,33.7406,-118.2706,2024-02-16 00:00:00+00,37391a2a4761584fde84a8debb5fd8bbe93efac541f6ae485c1fa86ac0a4da57,0000000000000000000000000000000000000000000000000000000000000000,0xa77baf8e4a469f0cc08f7544604b39eca6fe12886b771e925004166cbc0a3060,confirmed,unit-5-manufactured-20240216T000000-3621,"{""batch_no"": ""B7916"", ""line"": ""C""}",2024-02-16 00:00:00+00
30,5,3,7,inspected,Dallas Retail Store #12,32.7767,-96.797,2024-02-18 15:00:00+00,18f85cf48a8479a323b55f8336ce1a2fc447461dbb167571318c2b89ae9cd5fa,37391a2a4761584fde84a8debb5fd8bbe93efac541f6ae485c1fa86ac0a4da57,0x7816339be4b064a0389713aec02583a1a4ce54f497d98e7a2ada9c7849e208a2,confirmed,unit-5-inspected-20240218T150000-9669,"{""inspector_notes"": ""passed with rework"", ""score"": 97.9}",2024-02-18 15:02:00+00
31,5,1,2,shipped,Tokyo QA Lab,35.6762,139.6503,2024-02-22 00:00:00+00,4823d7f4b20ea41513af6434d525f75f25cc970d0428b3a61add36a156dc1f88,18f85cf48a8479a323b55f8336ce1a2fc447461dbb167571318c2b89ae9cd5fa,0x26178af37a0a06fffd986c91ad4240346291c9af3cdc0ad71fd8f8aac3c9a042,confirmed,unit-5-shipped-20240222T000000-5371,"{""carrier"": ""DHL"", ""container_id"": ""CNT216970""}",2024-02-22 00:01:00+00
32,5,10,7,received,Rotterdam Distribution Hub,51.9244,4.4777,2024-02-23 18:00:00+00,4f1a162ba0fb6056d787ade5e82323da382b9bc36d23ad315f441aafc7cc8bc1,4823d7f4b20ea41513af6434d525f75f25cc970d0428b3a61add36a156dc1f88,,simulated,unit-5-received-20240223T180000-1053,"{""dock"": ""D9"", ""condition"": ""good""}",2024-02-23 18:04:00+00
33,6,15,5,shipped,Sao Paulo Depot,-23.5505,-46.6333,2024-09-02 06:00:00+00,44d831574b006c7faf4dde27be6329945538c931804115d7af6311ff9d12e812,3f026d19d605e8228b738cb0fe0688a51cfdb542d6b6f77a611ffe94070dedc8,0xdee0e76397aa6f4c25054d23b0e1ecd336e11a24241bdc48a2e352ba81280527,confirmed,unit-6-shipped-20240902T060000-9824,{},2024-09-02 06:01:00+00
34,6,4,5,manufactured,Tokyo QA Lab,35.6762,139.6503,2024-09-16 00:00:00+00,db60ac227979aaa74bd5e5874c34c6013bf2ed252d6f24267751e87c6433e05b,0000000000000000000000000000000000000000000000000000000000000000,0x4384e07fde0de0ebb0ddc545c0550f4ca2cb5463fe6f9529e8f51b1ab5b49d95,confirmed,unit-6-manufactured-20240916T000000-4258,"{""batch_no"": ""B3646"", ""line"": ""C""}",2024-09-16 00:04:00+00
35,6,25,9,inspected,Shenzhen Factory Floor 2,22.5431,114.0579,2024-09-17 21:00:00+00,8d475cdff8676700a99fac297ae1928c96129de13cefacb99153e7000ed0415c,db60ac227979aaa74bd5e5874c34c6013bf2ed252d6f24267751e87c6433e05b,,pending,unit-6-inspected-20240917T210000-9005,"{""inspector_notes"": ""minor defect noted"", ""score"": 98.2}",2024-09-17 21:03:00+00
36,6,3,7,received,New York Fulfillment Center,40.7128,-74.006,2025-02-25 05:00:00+00,3f026d19d605e8228b738cb0fe0688a51cfdb542d6b6f77a611ffe94070dedc8,0000000000000000000000000000000000000000000000000000000000000000,,pending,unit-6-received-20250225T050000-6262,{},2025-02-25 05:05:00+00
37,7,2,4,manufactured,New York Fulfillment Center,40.7128,-74.006,2024-05-02 00:00:00+00,f16cc88f5720227a951a5d1f383ae87791fc1032e96ce7cf501633f63dd320a7,0000000000000000000000000000000000000000000000000000000000000000,0x574b90b62f1fe159e2304b059a72dc9375a29c0cd9783c17a31bc5251dd77734,confirmed,unit-7-manufactured-20240502T000000-2403,"{""batch_no"": ""B2133"", ""line"": ""C""}",2024-05-02 00:04:00+00
38,7,7,9,shipped,,,,2024-05-04 10:00:00+00,3a9a49cf4756919700e9657954b4f0e6a6a552927b7871b05de346eda85cfe98,539d079909e438ec03387a9f113695047bb1a920c7f6569a46b2b064ec77fe33,0xeac5783f2f1c1ab9e1515224027979f9229d6f0d666d5a711dd1db52139bf703,confirmed,unit-7-shipped-20240504T100000-6107,"{""carrier"": ""DHL"", ""container_id"": ""CNT559381""}",2024-05-04 10:02:00+00
39,7,25,3,inspected,Rotterdam Distribution Hub,51.9244,4.4777,2024-05-04 16:00:00+00,539d079909e438ec03387a9f113695047bb1a920c7f6569a46b2b064ec77fe33,f16cc88f5720227a951a5d1f383ae87791fc1032e96ce7cf501633f63dd320a7,0x160d20b442006b0d43607df6acedc41f17db720827f5eeb31aab9eab09067387,confirmed,unit-7-inspected-20240504T160000-3705,"{""inspector_notes"": ""passed with rework"", ""score"": 91.3}",2024-05-04 16:03:00+00
40,7,25,9,sold,Sao Paulo Depot,-23.5505,-46.6333,2025-03-28 16:00:00+00,9aca83fb774b839b6f3627f2d11e78f4f9dca221c243bc0db25239f2cd82b2fb,0000000000000000000000000000000000000000000000000000000000000000,,simulated,unit-7-sold-20250328T160000-6517,{},2025-03-28 16:05:00+00
41,8,15,4,shipped,Rotterdam Distribution Hub,51.9244,4.4777,2024-02-19 01:00:00+00,5bf8019e0295eaaea6cdd6523740dffcb78354dbac5faaba9a5a888cdcdbcf86,0000000000000000000000000000000000000000000000000000000000000000,,simulated,unit-8-shipped-20240219T010000-7293,{},2024-02-19 01:01:00+00
42,8,4,4,manufactured,Chicago Regional Warehouse,41.8781,-87.6298,2024-08-19 00:00:00+00,722ef7924d0a5acbf88af496518ed0075a228faf036e0d9ce8c4764305b72ece,0000000000000000000000000000000000000000000000000000000000000000,,pending,unit-8-manufactured-20240819T000000-6539,"{""batch_no"": ""B4770"", ""line"": ""C""}",2024-08-19 00:05:00+00
43,8,8,1,inspected,Los Angeles Port Terminal,33.7406,-118.2706,2024-08-19 11:00:00+00,8edf6439b388214438b527476057c51915eccc043f589f8e2143932486f8526c,722ef7924d0a5acbf88af496518ed0075a228faf036e0d9ce8c4764305b72ece,,pending,unit-8-inspected-20240819T110000-4750,"{""inspector_notes"": ""passed"", ""score"": 97.9}",2024-08-19 11:05:00+00
44,8,3,9,shipped,Chicago Regional Warehouse,41.8781,-87.6298,2024-08-22 06:00:00+00,4293d4ab9e33a92764aba972a9101572c60e6a74c635ed5db26728712e8ad742,8edf6439b388214438b527476057c51915eccc043f589f8e2143932486f8526c,0xfe068fba1cb8033dc041cea203352baa4b8c3af63b34d65962e5642dd1597ee4,confirmed,unit-8-shipped-20240822T060000-8953,"{""carrier"": ""FedEx"", ""container_id"": ""CNT858490""}",2024-08-22 06:00:00+00
45,8,19,10,received,Singapore Logistics Hub,1.3521,103.8198,2024-08-23 09:00:00+00,8a48dbb8fa49e557ddedd8f5d6693c572c27036a701367e05a216a2b06cdc736,4293d4ab9e33a92764aba972a9101572c60e6a74c635ed5db26728712e8ad742,0xdb8f7b4c674f89ef6991c5d4785541a7391b2fb6909db0e82b7011b0dca8ebdd,failed,unit-8-received-20240823T090000-8749,"{""dock"": ""D7"", ""condition"": ""good""}",2024-08-23 09:04:00+00
46,8,4,7,sold,Hamburg Container Yard,53.5511,9.9937,2024-08-28 16:00:00+00,e34bd87f79bd859b4f6f25f066b87bc4ef03ab5893b1cb8d9826eb5d6211928d,8a48dbb8fa49e557ddedd8f5d6693c572c27036a701367e05a216a2b06cdc736,0x9580542170a44eed34f9e71430a8d047f2ac409505677c8ad1e482f64bffcc4c,confirmed,unit-8-sold-20240828T160000-7735,"{""order_id"": ""ORD17100"", ""channel"": ""wholesale""}",2024-08-28 16:05:00+00
47,9,13,6,manufactured,,,,2024-02-01 00:00:00+00,c2c8fde1334b860042cdc751c1d3aa57cb3527a060653f80e52929eb95b77904,0000000000000000000000000000000000000000000000000000000000000000,0xbf9f5d967a3230c62714b891e047c991493febbd422ecd2c5750d900085b3bda,confirmed,unit-9-manufactured-20240201T000000-5073,"{""batch_no"": ""B9786"", ""line"": ""B""}",2024-02-01 00:02:00+00
48,9,17,1,received,Los Angeles Port Terminal,33.7406,-118.2706,2024-09-22 04:00:00+00,d2f43f02ed68a2845becc1995b50ab1b3cdd69aa7e28ce4886ca5d367cc96d74,0000000000000000000000000000000000000000000000000000000000000000,0x9a688dc15a5d5548dbaed30515782b4cb59ee0ed1f6812c7efec579a875eeb00,confirmed,unit-9-received-20240922T040000-3653,{},2024-09-22 04:00:00+00
49,10,6,5,manufactured,Singapore Logistics Hub,1.3521,103.8198,2024-08-04 00:00:00+00,787df3731cc463015d0fa9c95667ad3c9b91abe334809c66c241086279566a2d,0000000000000000000000000000000000000000000000000000000000000000,0xd25cb30c4b4b79b0286ec7181b73c24953bcb689e2e260e99a092071cc9dd457,confirmed,unit-10-manufactured-20240804T000000-2235,"{""batch_no"": ""B2604"", ""line"": ""A""}",2024-08-04 00:00:00+00
50,10,21,9,inspected,Shenzhen Factory Floor 2,22.5431,114.0579,2024-08-04 15:00:00+00,fde4a4099c7053b751eab921b803b438f67a24cae8eaa085bcfb631ca965f5b4,787df3731cc463015d0fa9c95667ad3c9b91abe334809c66c241086279566a2d,0xc0817f36402f1bcaa3d1e39248eff4f89cf3b19a3f841db4dfe7f094354bfec8,confirmed,unit-10-inspected-20240804T150000-4872,"{""inspector_notes"": ""minor defect noted"", ""score"": 92.2}",2024-08-04 15:03:00+00
51,11,15,9,shipped,Rotterdam Distribution Hub,51.9244,4.4777,2025-03-01 13:00:00+00,30ec6e94bd9d653b038658ff17619b253bd810804aa1273715035cf73b4f141b,0000000000000000000000000000000000000000000000000000000000000000,0xb531c901c7eba48b83819c241116506dadf2b1763dd96161635054f82edbf3e0,failed,unit-11-shipped-20250301T130000-4637,{},2025-03-01 13:01:00+00
52,11,2,3,manufactured,Dallas Retail Store #12,32.7767,-96.797,2025-04-07 00:00:00+00,f79c440ba5a33f5f6e12e01ce14cff88ebdedd74b5f3fab32e63a1de04527b7d,0000000000000000000000000000000000000000000000000000000000000000,0xa94c342fcdf9a846762872e7b595c06cc3d9781d4e3373e49bb6ce027a78a3f8,confirmed,unit-11-manufactured-20250407T000000-7396,"{""batch_no"": ""B8454"", ""line"": ""B""}",2025-04-07 00:00:00+00
53,11,14,9,inspected,Tokyo QA Lab,35.6762,139.6503,2025-04-09 18:00:00+00,a1c20ae1e5fb163997e436eba7798b668c03fd8edbe4d332aa41ddb6a38450d2,f79c440ba5a33f5f6e12e01ce14cff88ebdedd74b5f3fab32e63a1de04527b7d,0x9d7737a53559ce3b63099d30c3bf601736e5ccf33aa2aa99ef53ea6d5d0635d7,confirmed,unit-11-inspected-20250409T180000-3536,"{""inspector_notes"": ""passed"", ""score"": 99.5}",2025-04-09 18:02:00+00
54,11,19,9,shipped,Shenzhen Factory Floor 2,22.5431,114.0579,2025-04-10 16:00:00+00,d8295303930b6fed27c726301c5e4099f81950cc049bc6329273f1f542238b29,a1c20ae1e5fb163997e436eba7798b668c03fd8edbe4d332aa41ddb6a38450d2,,pending,unit-11-shipped-20250410T160000-1936,"{""carrier"": ""UPS"", ""container_id"": ""CNT627276""}",2025-04-10 16:04:00+00
55,11,17,3,received,Shenzhen Factory Floor 2,22.5431,114.0579,2025-04-15 15:00:00+00,5ac527b2bda63653eca808ae621dea6d15552fd76135b5a6642b6e85c3f01613,d8295303930b6fed27c726301c5e4099f81950cc049bc6329273f1f542238b29,,simulated,unit-11-received-20250415T150000-2312,"{""dock"": ""D3"", ""condition"": ""good""}",2025-04-15 15:04:00+00
56,12,11,8,inspected,Chicago Regional Warehouse,41.8781,-87.6298,2024-04-25 04:00:00+00,f3710e33a9674147ab2a5fb0ffb9f2f312b0079f6b2ef5e495602828df8ce168,0000000000000000000000000000000000000000000000000000000000000000,0x578f3f96939c2f243f84120642ed9db8b0463653c96e556380c335d51dbc5862,failed,unit-12-inspected-20240425T040000-5846,{},2024-04-25 04:04:00+00
57,12,2,1,shipped,Mumbai Inspection Center,19.076,72.8777,2024-10-17 19:00:00+00,36c625d31546e3342574641d950af3927316adb007f5f56a453067d08169c52a,f3710e33a9674147ab2a5fb0ffb9f2f312b0079f6b2ef5e495602828df8ce168,0xeda6db502666eec194d1fa9ed2dc2f2ffbb166d70264e1e611d16d177bbbf564,confirmed,unit-12-shipped-20241017T190000-6489,{},2024-10-17 19:03:00+00
58,12,8,7,manufactured,Los Angeles Port Terminal,33.7406,-118.2706,2024-12-11 00:00:00+00,8be045a81ab246a9a83633de777ae6172cb5a4ad0fcec38480f030c061c66c55,0000000000000000000000000000000000000000000000000000000000000000,0x5ee001b32476d04d5aa4ca5b7a0707f348eb5a52dab43fafa8e565305bbd5b86,confirmed,unit-12-manufactured-20241211T000000-1651,"{""batch_no"": ""B7868"", ""line"": ""C""}",2024-12-11 00:02:00+00
59,13,11,5,shipped,Tokyo QA Lab,35.6762,139.6503,2024-01-31 02:00:00+00,30969f554750744d609aeb5f3181c349669a0de16951e3098e187b019e79bb23,7c5de705f75ec9f152901601151c846f9e3f89634ad485061012a339c814fbcb,0xbfe3cabe34e465b06ce387cbdf3f808ea0b2616b0250f6895d8e8b8dddf56ced,confirmed,unit-13-shipped-20240131T020000-4804,{},2024-01-31 02:00:00+00
60,13,9,9,inspected,Mumbai Inspection Center,19.076,72.8777,2024-04-25 09:00:00+00,7c5de705f75ec9f152901601151c846f9e3f89634ad485061012a339c814fbcb,0000000000000000000000000000000000000000000000000000000000000000,0xbd999872d0469e1d8435da9c5e1b686f22b5325515ad1f25ec4b0cc23c0ee5c2,confirmed,unit-13-inspected-20240425T090000-4396,{},2024-04-25 09:05:00+00
61,13,17,6,manufactured,Mumbai Inspection Center,19.076,72.8777,2024-10-16 00:00:00+00,3ba7e4b63b7601913164160c2b17e93b7de043118fdea011be002592a1df2777,0000000000000000000000000000000000000000000000000000000000000000,0x48009fcc503280c332a00e0837f238b8b34ea7d761e8447d9eb8786b244ce221,confirmed,unit-13-manufactured-20241016T000000-6147,"{""batch_no"": ""B7484"", ""line"": ""A""}",2024-10-16 00:02:00+00
62,13,22,5,inspected,Singapore Logistics Hub,1.3521,103.8198,2024-10-17 20:00:00+00,a9ed0f7be4b3fd7ad5f5ffb366bf230c4bcc047e2ce5a6b289f0165e9f58e073,3ba7e4b63b7601913164160c2b17e93b7de043118fdea011be002592a1df2777,,pending,unit-13-inspected-20241017T200000-2188,"{""inspector_notes"": ""passed with rework"", ""score"": 100.0}",2024-10-17 20:03:00+00
63,13,4,2,shipped,Mexico City Assembly Plant,19.4326,-99.1332,2024-10-18 14:00:00+00,962e979fb6b6913a43f56a304330f13886a92d2fb36e020dfa87c8bd90a9f984,a9ed0f7be4b3fd7ad5f5ffb366bf230c4bcc047e2ce5a6b289f0165e9f58e073,0x1997451cde716e820c901703b5f10af951b19e65635f62b7a78421878d0960ef,confirmed,unit-13-shipped-20241018T140000-9288,"{""carrier"": ""DHL"", ""container_id"": ""CNT172132""}",2024-10-18 14:03:00+00
64,13,8,6,received,Mumbai Inspection Center,19.076,72.8777,2024-10-19 00:00:00+00,81f33895ce60fd6fefedba52496e8fd7db17818e27d9b3fd12d2a927e2b25f2a,962e979fb6b6913a43f56a304330f13886a92d2fb36e020dfa87c8bd90a9f984,0xa593b77619f9ebd977d4d94c36190582267615fdfec2209901937ec4a09a3d3f,failed,unit-13-received-20241019T000000-8179,"{""dock"": ""D10"", ""condition"": ""good""}",2024-10-19 00:01:00+00
65,13,21,9,sold,Shenzhen Factory Floor 2,22.5431,114.0579,2024-10-23 00:00:00+00,5a71338929b2bf8ac4eef72cd40d19bf0cb4c1784a5ec35eb888952ea513c7ce,81f33895ce60fd6fefedba52496e8fd7db17818e27d9b3fd12d2a927e2b25f2a,,simulated,unit-13-sold-20241023T000000-2697,"{""order_id"": ""ORD27601"", ""channel"": ""online""}",2024-10-23 00:02:00+00
66,14,4,9,manufactured,Rotterdam Distribution Hub,51.9244,4.4777,2025-03-31 00:00:00+00,93face60d7e4decc6b534054527318fbd992dd0684fe4416d458753435fa9b4c,0000000000000000000000000000000000000000000000000000000000000000,0xfeb7a04170b45fa5fc05faef2aeada4ea9f459e2f97dee4e3f9a34b22f144347,confirmed,unit-14-manufactured-20250331T000000-5616,"{""batch_no"": ""B6617"", ""line"": ""A""}",2025-03-31 00:04:00+00
67,15,16,5,manufactured,Shenzhen Factory Floor 2,22.5431,114.0579,2024-09-15 00:00:00+00,aef97a27179b4383989af27bdb98a84b6a6879db0030cccbcea3553accfa9c0d,0000000000000000000000000000000000000000000000000000000000000000,0x59e8e162e8577ea4b7eaf23ae054300a32eb27ac46cda6bcc71b60897237c5bf,failed,unit-15-manufactured-20240915T000000-7939,"{""batch_no"": ""B1722"", ""line"": ""A""}",2024-09-15 00:03:00+00
68,15,18,1,shipped,Los Angeles Port Terminal,33.7406,-118.2706,2024-09-16 02:00:00+00,ca4324d3af530f889ae95ff94b6e035a1e511935ec16f45644947533232a1ee8,83e3a3defc3adb762597853b5271a61cf8a7d12a053fd66bb088f452ca39869f,0x8757be674c59f1ce3ade24c6b574e0d93d62af406789d1074a5539149b9166d7,confirmed,unit-15-shipped-20240916T020000-3442,"{""carrier"": ""DHL"", ""container_id"": ""CNT710805""}",2024-09-16 02:03:00+00
69,15,11,3,inspected,Tokyo QA Lab,35.6762,139.6503,2024-09-16 13:00:00+00,83e3a3defc3adb762597853b5271a61cf8a7d12a053fd66bb088f452ca39869f,aef97a27179b4383989af27bdb98a84b6a6879db0030cccbcea3553accfa9c0d,0x0709d6decdb4fe6d862c1cea52f7fd2cc8944c51e140ab0e35f1fc13174a6ef2,confirmed,unit-15-inspected-20240916T130000-3647,"{""inspector_notes"": ""passed with rework"", ""score"": 95.6}",2024-09-16 13:01:00+00
70,15,22,2,shipped,Tokyo QA Lab,35.6762,139.6503,2025-03-15 20:00:00+00,f21ea9a6fe601550ebc1df99b9b282bf2366f143b413a3613d58b36646386f09,0000000000000000000000000000000000000000000000000000000000000000,0x72cc8cbe605781ca97bf4ccc72baca4d75c2e06fb68a33617b4b781c8c705a77,confirmed,unit-15-shipped-20250315T200000-2531,{},2025-03-15 20:05:00+00
71,16,19,6,inspected,Shenzhen Factory Floor 2,22.5431,114.0579,2024-01-26 09:00:00+00,a175de9aba95ae0eed8be3e17918beb4fc5766df871e04c58912c3dffa31da9e,4fc5368ae012922408a893c70d40de289e18774698ba8cf4a28a29945073ab1c,0x397ef368ca4260cf4552a5997c32daa0405a063432196fd92d42cb0a90fdfe5e,confirmed,unit-16-inspected-20240126T090000-8710,{},2024-01-26 09:04:00+00
72,16,14,3,manufactured,Shenzhen Factory Floor 2,22.5431,114.0579,2024-03-16 00:00:00+00,fc4e8a3fe5633d47705e196b89bd6afc7ac0707c00ce335f53f3b89062df2e6e,0000000000000000000000000000000000000000000000000000000000000000,,simulated,unit-16-manufactured-20240316T000000-6974,"{""batch_no"": ""B1653"", ""line"": ""B""}",2024-03-16 00:05:00+00
73,16,7,4,inspected,Tokyo QA Lab,35.6762,139.6503,2024-03-16 17:00:00+00,6bd9c62996c3e011438134c2dc7a18d76379cab0d89e93cfcf16a559341634d8,fc4e8a3fe5633d47705e196b89bd6afc7ac0707c00ce335f53f3b89062df2e6e,0x94fb05cdf1d655976862e13ad1ad32713f6abcbc158f33a8ae41eaca74fffbea,confirmed,unit-16-inspected-20240316T170000-6794,"{""inspector_notes"": ""minor defect noted"", ""score"": 99.6}",2024-03-16 17:03:00+00
74,16,24,3,shipped,Chicago Regional Warehouse,41.8781,-87.6298,2024-03-18 00:00:00+00,b80fe7f1aa11ac80bfc13c5e31a473a63cae5c3f8daad7191739e7dee2ced25a,6bd9c62996c3e011438134c2dc7a18d76379cab0d89e93cfcf16a559341634d8,,simulated,unit-16-shipped-20240318T000000-3900,"{""carrier"": ""Maersk"", ""container_id"": ""CNT288073""}",2024-03-18 00:00:00+00
75,16,2,8,sold,Chicago Regional Warehouse,41.8781,-87.6298,2024-03-20 20:00:00+00,0f4e7452c1ca621a5c58b34f3aa345a439721e94a04c383ce258b719eee89c75,4a19bfb197378ac18044bd74c2915e1d4fed8930b1756e29117429f547186679,0x651186ff164499ad093d49101d1893956bef88dcf8f279dbce2a4cff88628b1e,confirmed,unit-16-sold-20240320T200000-8541,"{""order_id"": ""ORD39831"", ""channel"": ""retail""}",2024-03-20 20:04:00+00
76,16,24,6,received,,,,2024-03-23 00:00:00+00,4a19bfb197378ac18044bd74c2915e1d4fed8930b1756e29117429f547186679,b80fe7f1aa11ac80bfc13c5e31a473a63cae5c3f8daad7191739e7dee2ced25a,0x787bcf1861da24334f32f8568f0e0756febe75ec5650be2d768e3f4857d1f226,confirmed,unit-16-received-20240323T000000-5065,"{""dock"": ""D4"", ""condition"": ""damaged_minor""}",2024-03-23 00:02:00+00
77,16,12,3,received,Mumbai Inspection Center,19.076,72.8777,2024-04-06 23:00:00+00,d0ffb0f3a81f2b96c6173495a982d0829494aa642e3d3235e02af2f022a57371,a175de9aba95ae0eed8be3e17918beb4fc5766df871e04c58912c3dffa31da9e,0x0fffc6b1aa49dd148d0f59ee34fa2406293fa9f5c6a3317f3fd8325236ed402f,failed,unit-16-received-20240406T230000-1527,{},2024-04-06 23:01:00+00
78,16,1,3,manufactured,Singapore Logistics Hub,1.3521,103.8198,2024-09-22 12:00:00+00,4fc5368ae012922408a893c70d40de289e18774698ba8cf4a28a29945073ab1c,324c51b1eb6aa61af6d9c3caab5879a1555e9f6444641f42b0d3b5c4e2c071e8,0xb53fa84c4fbd2388d745c4327a68ab99f238b476a4771e4ef96ed117a85acb63,confirmed,unit-16-manufactured-20240922T120000-2929,{},2024-09-22 12:05:00+00
79,16,16,4,shipped,Hamburg Container Yard,53.5511,9.9937,2024-12-13 18:00:00+00,324c51b1eb6aa61af6d9c3caab5879a1555e9f6444641f42b0d3b5c4e2c071e8,0000000000000000000000000000000000000000000000000000000000000000,0xd3d8212e3d95037c08c8776a273b586a98a6b5d58db1b93c40a85669d29e2479,confirmed,unit-16-shipped-20241213T180000-8564,{},2024-12-13 18:00:00+00
80,17,19,4,sold,Sao Paulo Depot,-23.5505,-46.6333,2024-01-27 18:00:00+00,85309148c4e3ceb10fff677d8e832ac7db24980dd0227e81636a7053178de8af,caaa20924db10ad998ef23bf93d780faae87a472eb065821748acb04c4c2d802,0x7da33176c9f7e02e05041775e9c9d45d0b88df307f00dc47465daeb36f731faf,confirmed,unit-17-sold-20240127T180000-9589,{},2024-01-27 18:00:00+00
81,17,7,7,manufactured,Hamburg Container Yard,53.5511,9.9937,2024-12-03 00:00:00+00,f1c4b216b9d370773f0d2a2e9496791a1f10cf1c36c75c4a2d0389637d9de375,0000000000000000000000000000000000000000000000000000000000000000,,simulated,unit-17-manufactured-20241203T000000-2137,"{""batch_no"": ""B5573"", ""line"": ""B""}",2024-12-03 00:02:00+00
82,17,7,10,received,Mumbai Inspection Center,19.076,72.8777,2024-12-21 15:00:00+00,caaa20924db10ad998ef23bf93d780faae87a472eb065821748acb04c4c2d802,0000000000000000000000000000000000000000000000000000000000000000,,simulated,unit-17-received-20241221T150000-3223,{},2024-12-21 15:01:00+00
83,17,11,2,inspected,Singapore Logistics Hub,1.3521,103.8198,2025-03-09 11:00:00+00,627ffc103a2afdc6ea79d17962015433ec493d75496ec234a6253a64abf51a2a,85309148c4e3ceb10fff677d8e832ac7db24980dd0227e81636a7053178de8af,,pending,unit-17-inspected-20250309T110000-4120,{},2025-03-09 11:03:00+00
84,18,22,9,manufactured,Hamburg Container Yard,53.5511,9.9937,2024-07-23 00:00:00+00,51d5e1ace12ace14baf02aa6bb4ccfc108d3d83d9750a9134b869be8ffd4d40f,0000000000000000000000000000000000000000000000000000000000000000,,simulated,unit-18-manufactured-20240723T000000-2889,"{""batch_no"": ""B5279"", ""line"": ""A""}",2024-07-23 00:05:00+00
85,18,19,5,inspected,Shenzhen Factory Floor 2,22.5431,114.0579,2024-07-23 17:00:00+00,9419ce494b051a19cea5b981371297a0b8737e4d72000e36083e6193ca1a637c,51d5e1ace12ace14baf02aa6bb4ccfc108d3d83d9750a9134b869be8ffd4d40f,0x69f43135bde39a115aeac0a18ef0201b4c69319838e3419fd563b8db67970e78,confirmed,unit-18-inspected-20240723T170000-8119,"{""inspector_notes"": ""minor defect noted"", ""score"": 91.5}",2024-07-23 17:05:00+00
86,18,17,2,shipped,Dallas Retail Store #12,32.7767,-96.797,2024-07-25 08:00:00+00,84d528fec29d8276ce4b1bda4ebe7e38c104b71a036e59ab8d766167a4795b44,9419ce494b051a19cea5b981371297a0b8737e4d72000e36083e6193ca1a637c,,pending,unit-18-shipped-20240725T080000-5173,"{""carrier"": ""UPS"", ""container_id"": ""CNT101773""}",2024-07-25 08:01:00+00
87,18,17,9,received,Tokyo QA Lab,35.6762,139.6503,2024-07-26 15:00:00+00,7a3be22d8074528bc825d67891d39707f5940ff4bbd83b4d020c58274e17cce0,84d528fec29d8276ce4b1bda4ebe7e38c104b71a036e59ab8d766167a4795b44,0x39261255e50be4af937b750fa5727c300e05f52176d6d497f3f2481c4dfef570,confirmed,unit-18-received-20240726T150000-6967,"{""dock"": ""D11"", ""condition"": ""good""}",2024-07-26 15:05:00+00
88,18,11,2,sold,Sao Paulo Depot,-23.5505,-46.6333,2024-07-30 00:00:00+00,0549214b159b24ed6a72994bf60ff2e46636de81a67640ee60244354de14f506,7a3be22d8074528bc825d67891d39707f5940ff4bbd83b4d020c58274e17cce0,0xe669b68b1b462bc9a3249a2024646843db38abe8966d0aafe61ac0651b5caef2,confirmed,unit-18-sold-20240730T000000-9308,"{""order_id"": ""ORD63528"", ""channel"": ""online""}",2024-07-30 00:03:00+00
89,19,10,2,inspected,Shenzhen Factory Floor 2,22.5431,114.0579,2024-05-02 13:00:00+00,aee39a6d0b6a0466748054bbce8b0815cc79b2127a602832dba4509771cb649a,aed2e79d95f28de1a527ef6c062766f8001c8cbfbd1a34a5daa12024699c2075,,pending,unit-19-inspected-20240502T130000-8489,{},2024-05-02 13:02:00+00
90,19,24,10,inspected,Hamburg Container Yard,53.5511,9.9937,2024-10-22 19:00:00+00,7aac9921e88d3e30dc19b4e7e774cb930d58b6cab0ac62d06d7559e6a1c34469,aee39a6d0b6a0466748054bbce8b0815cc79b2127a602832dba4509771cb649a,0xd888c7df51a0712583b0560498478deaeeb8acc093682a5563cf863c6fefd213,confirmed,unit-19-inspected-20241022T190000-6253,{},2024-10-22 19:02:00+00
91,19,10,9,manufactured,Rotterdam Distribution Hub,51.9244,4.4777,2024-12-22 00:00:00+00,45cc9918ac4dda8ce6846cd4cea2d35165fcfa3fd29fc9d98cfb86ef180e8e15,0000000000000000000000000000000000000000000000000000000000000000,0x2035dfc7788322da15dc3b05749cca8ac608e7768b6ff8c1fac7895596f74199,confirmed,unit-19-manufactured-20241222T000000-7888,"{""batch_no"": ""B7211"", ""line"": ""C""}",2024-12-22 00:00:00+00
92,19,24,3,inspected,New York Fulfillment Center,40.7128,-74.006,2024-12-23 18:00:00+00,f75ae842a08dba13eeeb34fefb640f9115771e4c39828ccd503f07bb6886d951,45cc9918ac4dda8ce6846cd4cea2d35165fcfa3fd29fc9d98cfb86ef180e8e15,0x2585655e8362e0e00147bf2cd830da1426f81d5c4ede3a4012aed9205e82b0ea,confirmed,unit-19-inspected-20241223T180000-7653,"{""inspector_notes"": ""passed"", ""score"": 89.6}",2024-12-23 18:00:00+00
93,19,16,3,received,Tokyo QA Lab,35.6762,139.6503,2024-12-23 18:00:00+00,c5479b8cfcd12b4f6bea95bfb4878bfe36554814d2b789a832fff00afdaf3db3,f9b51aa6c4868001c88b2e57a9d60b4f750a13f8dcc6d2539725b1f88b48842b,0x4eb9de4fee8746850a249cb7bde41078dbfd5ce25150cae657e579ec98801ae7,confirmed,unit-19-received-20241223T180000-5649,"{""dock"": ""D20"", ""condition"": ""damaged_minor""}",2024-12-23 18:00:00+00
94,19,7,7,shipped,,,,2024-12-25 18:00:00+00,f9b51aa6c4868001c88b2e57a9d60b4f750a13f8dcc6d2539725b1f88b48842b,f75ae842a08dba13eeeb34fefb640f9115771e4c39828ccd503f07bb6886d951,0x8969b645d79797cfa5721abd20defc47039f1f10e9254dcabb99f6dc1d95b8e7,confirmed,unit-19-shipped-20241225T180000-8618,"{""carrier"": ""FedEx"", ""container_id"": ""CNT636004""}",2024-12-25 18:02:00+00
95,19,23,3,received,,,,2024-12-27 15:00:00+00,aed2e79d95f28de1a527ef6c062766f8001c8cbfbd1a34a5daa12024699c2075,0000000000000000000000000000000000000000000000000000000000000000,,simulated,unit-19-received-20241227T150000-1086,{},2024-12-27 15:03:00+00
96,20,8,7,received,Mumbai Inspection Center,19.076,72.8777,2024-08-20 02:00:00+00,1f12985bf13ca7263f8b08956a7eac28f1424116f531be4ececa1ab20e13e719,133a12c5a683f4306d66fa3f7384324cdc61e889db5c7808498e8bd8f74f7251,0xff5c3a237a913d45cc1c2e600ee3d0895d7d8022a6f45e912ef7b0a827154b34,confirmed,unit-20-received-20240820T020000-3589,{},2024-08-20 02:02:00+00
97,20,18,2,sold,Mexico City Assembly Plant,19.4326,-99.1332,2024-11-24 05:00:00+00,133a12c5a683f4306d66fa3f7384324cdc61e889db5c7808498e8bd8f74f7251,0000000000000000000000000000000000000000000000000000000000000000,0x0e4662f12633fe2fadae0b437b219f864bbeaa25ab0c8ac7ba3820304c77f6c8,confirmed,unit-20-sold-20241124T050000-3526,{},2024-11-24 05:02:00+00
98,20,25,4,manufactured,Tokyo QA Lab,35.6762,139.6503,2025-02-23 00:00:00+00,190d8fa3a88da47fab93ed8aea23755f1ceeed6811cdac427304d18fc93420ce,0000000000000000000000000000000000000000000000000000000000000000,0x3f0b6e51bbaa9465c29163d4db2582551a3073c782dd3e461cc78ba7d4e679f5,failed,unit-20-manufactured-20250223T000000-4680,"{""batch_no"": ""B3414"", ""line"": ""A""}",2025-02-23 00:00:00+00
99,21,16,10,manufactured,,,,2024-05-05 00:00:00+00,9da2290775867dad5d331ca9a2472ba271462b02bf5ea47fb22e6ba9d412cedc,0000000000000000000000000000000000000000000000000000000000000000,0x55ecc68b1ecc64f420d5c0e411817bcbae773b6d4855cecb62ca4f7cd11e6624,confirmed,unit-21-manufactured-20240505T000000-8461,"{""batch_no"": ""B4185"", ""line"": ""C""}",2024-05-05 00:01:00+00
100,21,10,8,shipped,New York Fulfillment Center,40.7128,-74.006,2025-01-02 13:00:00+00,170263c347d7ed5996e0d9fffd6a6954b991e8fcde45bbb1968765d4eb0a6dff,0000000000000000000000000000000000000000000000000000000000000000,0xf2ca6b5570edcf511a31c50845134b1e9430542dfadf23c4ac9dd900c93bd1dd,confirmed,unit-21-shipped-20250102T130000-8272,{},2025-01-02 13:00:00+00
101,22,24,8,inspected,Tokyo QA Lab,35.6762,139.6503,2024-05-11 22:00:00+00,69c5166b54ecba079b5747ae403ff93ed8421b3310fe5c71d1205b792f2f416f,5ea1c5c215ff2a9b3d6f34c5c2026f4fd6ed492f7c56a8885b2423946ba69eb0,0x4f03da20fdf7c6d4d762326a97c5b9b100ca1098962e84924b07994a997d63cc,confirmed,unit-22-inspected-20240511T220000-6523,{},2024-05-11 22:01:00+00
102,22,13,4,manufactured,Rotterdam Distribution Hub,51.9244,4.4777,2024-09-10 00:00:00+00,79457f03be22092ba65bc2e637c91d4dc2bf97b482e51d237d1835d23363844a,0000000000000000000000000000000000000000000000000000000000000000,0x3c957c8edf54ed22968e299d31040d1fef90f874e1250a0bad1148cc8058250d,confirmed,unit-22-manufactured-20240910T000000-2746,"{""batch_no"": ""B4585"", ""line"": ""A""}",2024-09-10 00:03:00+00
103,22,23,9,inspected,Singapore Logistics Hub,1.3521,103.8198,2024-09-10 10:00:00+00,e3208828b5d5a89c7b33a136aa6c5c419ae8ec17b4561bedcc2a5153068905ca,79457f03be22092ba65bc2e637c91d4dc2bf97b482e51d237d1835d23363844a,,simulated,unit-22-inspected-20240910T100000-5082,"{""inspector_notes"": ""passed"", ""score"": 91.8}",2024-09-10 10:03:00+00
104,22,15,9,shipped,Mexico City Assembly Plant,19.4326,-99.1332,2024-09-13 16:00:00+00,4f0fec09c16e59e193b286cdae1e59b6c8a58bcaac4a23339b0ece724d1fa7d1,e3208828b5d5a89c7b33a136aa6c5c419ae8ec17b4561bedcc2a5153068905ca,0xd7e0683854d66b07af1795eb38507977812e080f042c1617f8e778c3c8af4d92,confirmed,unit-22-shipped-20240913T160000-8251,"{""carrier"": ""UPS"", ""container_id"": ""CNT970914""}",2024-09-13 16:04:00+00
105,22,18,8,received,Rotterdam Distribution Hub,51.9244,4.4777,2024-09-18 00:00:00+00,2da392e1e72ae85287181ea84c4027475023d0199b039710db1fd6d6f3ae65fc,4f0fec09c16e59e193b286cdae1e59b6c8a58bcaac4a23339b0ece724d1fa7d1,0x2ffb29f4065991c53bf2a04ba1b33667bae0e8b87235278c67b189b6cf43faec,confirmed,unit-22-received-20240918T000000-8373,"{""dock"": ""D8"", ""condition"": ""good""}",2024-09-18 00:04:00+00
106,22,17,8,received,Rotterdam Distribution Hub,51.9244,4.4777,2024-11-06 16:00:00+00,5ea1c5c215ff2a9b3d6f34c5c2026f4fd6ed492f7c56a8885b2423946ba69eb0,0000000000000000000000000000000000000000000000000000000000000000,0x7a6b6b6dcec82e534e0662457a4fb3c91aff69c8544e7a5f726e00a3c6ad15d7,confirmed,unit-22-received-20241106T160000-6218,{},2024-11-06 16:04:00+00
107,23,25,9,manufactured,Singapore Logistics Hub,1.3521,103.8198,2025-01-27 00:00:00+00,4f7b9118eff4064c66ac5718c210a7ab6ae632077083162a13751bfc32cda9b3,0000000000000000000000000000000000000000000000000000000000000000,0xb28bb200dedf466d9c35d38ca9277f7240fb45d4aabae02e2b1a2b867f172328,confirmed,unit-23-manufactured-20250127T000000-5499,"{""batch_no"": ""B5681"", ""line"": ""A""}",2025-01-27 00:03:00+00
108,23,9,6,inspected,Hamburg Container Yard,53.5511,9.9937,2025-01-27 14:00:00+00,f580d668b50abfb2cf7a45891b92f960dd12fb55fa4b6c42e0a95c1aa6484d0c,4f7b9118eff4064c66ac5718c210a7ab6ae632077083162a13751bfc32cda9b3,0xa8bacdf9cc650d93b1df482ceecb7a4f77f8b4bdf18436b3feff0053b6b39f63,confirmed,unit-23-inspected-20250127T140000-3267,"{""inspector_notes"": ""minor defect noted"", ""score"": 95.4}",2025-01-27 14:00:00+00
109,23,23,4,shipped,Los Angeles Port Terminal,33.7406,-118.2706,2025-01-31 18:00:00+00,79cb039735ab8561f7e5645810c0175f17ad443dca73d624518016cf3ba6ef20,f580d668b50abfb2cf7a45891b92f960dd12fb55fa4b6c42e0a95c1aa6484d0c,0x6928be9d911e0d13df5e657106f3404fff1b74cf7f15303b8e722bf9c69215c6,confirmed,unit-23-shipped-20250131T180000-7678,"{""carrier"": ""UPS"", ""container_id"": ""CNT535970""}",2025-01-31 18:00:00+00
110,23,13,2,shipped,Hamburg Container Yard,53.5511,9.9937,2025-05-06 12:00:00+00,c3afd181d64aa04ec59ed69f4889a51344b6d5800cb448f102f0058571b9df2e,0000000000000000000000000000000000000000000000000000000000000000,,simulated,unit-23-shipped-20250506T120000-4984,{},2025-05-06 12:00:00+00
111,24,25,2,received,New York Fulfillment Center,40.7128,-74.006,2024-03-11 16:00:00+00,fcf8b43cb8f0570453e04a48aac64b699f3335f07656d45186fddd6101fb8ab8,eedd26746e251d0f9a0621917c491f9bb716d6f91cdb3f4f935b68a2ee912d92,0x33e7add85abb84689a4704d5c6de94c610cba92be5215d01029805118e7a071f,confirmed,unit-24-received-20240311T160000-6150,{},2024-03-11 16:02:00+00
112,24,14,7,manufactured,,,,2024-04-15 00:00:00+00,8c98e718da07f73253f0871c339d768fefe79b2eb1c8c14408ae3ae2be68918e,0000000000000000000000000000000000000000000000000000000000000000,0x2e60b35f37220d8e03b106d51aa0ba954b4a1bd86c632ebca6dc8a4f4f62ce3a,confirmed,unit-24-manufactured-20240415T000000-7232,"{""batch_no"": ""B6763"", ""line"": ""B""}",2024-04-15 00:04:00+00
113,24,7,10,inspected,Mexico City Assembly Plant,19.4326,-99.1332,2024-07-24 16:00:00+00,86acc5b7e5bf5cf25e9fc5521feae6df1e77575751601c0c48e6624747ce7dec,fcf8b43cb8f0570453e04a48aac64b699f3335f07656d45186fddd6101fb8ab8,,pending,unit-24-inspected-20240724T160000-1637,{},2024-07-24 16:00:00+00
114,24,17,9,manufactured,Mexico City Assembly Plant,19.4326,-99.1332,2025-02-06 16:00:00+00,eedd26746e251d0f9a0621917c491f9bb716d6f91cdb3f4f935b68a2ee912d92,e0f1c1e6dba5e98e2e9b1042942bdf77077afe1f4ee93487804eb44299677d94,,simulated,unit-24-manufactured-20250206T160000-7397,{},2025-02-06 16:04:00+00
115,24,1,6,inspected,Los Angeles Port Terminal,33.7406,-118.2706,2025-03-05 22:00:00+00,e0f1c1e6dba5e98e2e9b1042942bdf77077afe1f4ee93487804eb44299677d94,0000000000000000000000000000000000000000000000000000000000000000,,pending,unit-24-inspected-20250305T220000-3392,{},2025-03-05 22:04:00+00
116,25,16,1,sold,Tokyo QA Lab,35.6762,139.6503,2024-01-05 22:00:00+00,8ebe4cb613fb4c2d77fb80343dd1b03abbc3e2b1dc5a7e3799f3ba26282ecee4,9ec6d6519d421fd20b85113063263e37d493c4b0c408bfa56a4debc4b2c8228a,0xe1338efcb90e798ee88b679f5651acdfceebbc874f9c34455e063911372ed772,failed,unit-25-sold-20240105T220000-9189,{},2024-01-05 22:02:00+00
117,25,20,1,sold,Los Angeles Port Terminal,33.7406,-118.2706,2024-04-06 18:00:00+00,51111b05c544063956915229d100f7ace7c87272c9a1f37c8a9063221c1c130d,5515b5b562f47745c3725d0d386c470923a54cafb4e9cf91f66e2b6c456b5496,0xa7020275d33b26dafcc06b419cd0f098657bec9c97c1091eea624e1c2ba9343f,confirmed,unit-25-sold-20240406T180000-4555,{},2024-04-06 18:03:00+00
118,25,18,6,received,Mumbai Inspection Center,19.076,72.8777,2024-05-13 11:00:00+00,d21069dd88dd8f85ff06aa8fed12e7a72a8232595bfb602de92e9b5e950ac8bf,51111b05c544063956915229d100f7ace7c87272c9a1f37c8a9063221c1c130d,0x0971774b747292f4257fad9115df719f366dd5571a837eca809b6f875b1fec82,confirmed,unit-25-received-20240513T110000-9147,{},2024-05-13 11:00:00+00
119,25,6,8,shipped,Sao Paulo Depot,-23.5505,-46.6333,2024-09-11 11:00:00+00,5515b5b562f47745c3725d0d386c470923a54cafb4e9cf91f66e2b6c456b5496,0000000000000000000000000000000000000000000000000000000000000000,0xd46e268c01b98a57cd2d8686d6d46cd7f8acfc23ca184075714eaa6ef6ec2bb6,confirmed,unit-25-shipped-20240911T110000-9507,{},2024-09-11 11:02:00+00
120,25,8,8,sold,Mexico City Assembly Plant,19.4326,-99.1332,2024-12-01 21:00:00+00,9ec6d6519d421fd20b85113063263e37d493c4b0c408bfa56a4debc4b2c8228a,d21069dd88dd8f85ff06aa8fed12e7a72a8232595bfb602de92e9b5e950ac8bf,,simulated,unit-25-sold-20241201T210000-9005,{},2024-12-01 21:03:00+00
121,25,14,9,manufactured,Sao Paulo Depot,-23.5505,-46.6333,2025-03-12 00:00:00+00,f4cba75e868a5f50e243739d2e04aaa22a3bc334e90041b329fa8e893e8a0cc7,0000000000000000000000000000000000000000000000000000000000000000,0x5335fdeb48d0dafbb031e2f6cec529461fed814c1cd30e8a7b9e7dc882adb8fe,confirmed,unit-25-manufactured-20250312T000000-8999,"{""batch_no"": ""B8140"", ""line"": ""B""}",2025-03-12 00:03:00+00
122,25,18,1,shipped,Dallas Retail Store #12,32.7767,-96.797,2025-03-12 14:00:00+00,924a6ee534a985483b7c190f299650f230b8d727d17b2037f577a190febaf9f6,ff064d50f4a3a7f225c8426004fa5f7361b7213936600fdc3d5da3b6f2974bfc,0x4599d2e482ce560ad3dde4c6e68c7e4c2c2802566f9ff4e8016fa37fbc3f8ddb,confirmed,unit-25-shipped-20250312T140000-2375,"{""carrier"": ""FedEx"", ""container_id"": ""CNT584125""}",2025-03-12 14:00:00+00
123,25,1,7,inspected,Hamburg Container Yard,53.5511,9.9937,2025-03-14 07:00:00+00,ff064d50f4a3a7f225c8426004fa5f7361b7213936600fdc3d5da3b6f2974bfc,f4cba75e868a5f50e243739d2e04aaa22a3bc334e90041b329fa8e893e8a0cc7,0xf7801137454dbcc8f1f66f78b10ecaded6b4ca3904c0b36b082ddf5604c14ec6,failed,unit-25-inspected-20250314T070000-3704,"{""inspector_notes"": ""passed"", ""score"": 99.7}",2025-03-14 07:05:00+00
124,25,6,1,received,Mumbai Inspection Center,19.076,72.8777,2025-03-18 12:00:00+00,1fe113d2eac4bbbfcc7ad395b176d9b8b689cb2e1aac3a6baea6c36e1d269496,924a6ee534a985483b7c190f299650f230b8d727d17b2037f577a190febaf9f6,0xd91c8ed90775401881a37f015543e0cca5ea5618ff077aa6e69e9a655896df1f,confirmed,unit-25-received-20250318T120000-6363,"{""dock"": ""D11"", ""condition"": ""damaged_minor""}",2025-03-18 12:04:00+00
125,26,1,4,shipped,New York Fulfillment Center,40.7128,-74.006,2024-02-07 01:00:00+00,78a1a2dc595c8dc757c5b0f11a435d15ba1ed0d91a87901442a5dbc5472a33e5,6cf9bdd1f96a15dce4ed2d3b21eec0d9993aa9128fd34fe0afbdb196c86c4757,0x313e9e150902e072736c7496f814b4a21096a2c2190726579963258d8598a45e,confirmed,unit-26-shipped-20240207T010000-2044,{},2024-02-07 01:01:00+00
126,26,25,7,manufactured,Mumbai Inspection Center,19.076,72.8777,2024-05-22 00:00:00+00,b3a7ff8431b85be0fe859c0f7ced45f110cc6a4814089cc539f511bc3b6cf1c3,0000000000000000000000000000000000000000000000000000000000000000,,pending,unit-26-manufactured-20240522T000000-8705,"{""batch_no"": ""B9837"", ""line"": ""A""}",2024-05-22 00:04:00+00
127,26,12,4,inspected,Tokyo QA Lab,35.6762,139.6503,2024-05-22 12:00:00+00,b4599f19989037e777ee844700493245a352c13769163f0605ad8fc0e9a88bbe,b3a7ff8431b85be0fe859c0f7ced45f110cc6a4814089cc539f511bc3b6cf1c3,0x43265425ca60593b83d6a7a8bdcaacd3aa7355682fc2662794d4c49fe8612983,confirmed,unit-26-inspected-20240522T120000-1659,"{""inspector_notes"": ""passed"", ""score"": 88.0}",2024-05-22 12:04:00+00
128,26,1,10,shipped,Rotterdam Distribution Hub,51.9244,4.4777,2024-05-24 20:00:00+00,f465515a2463dc9be91ee865d886717b7e63b4479b32703c37f13a8071547cb9,b4599f19989037e777ee844700493245a352c13769163f0605ad8fc0e9a88bbe,0xe96d2fe329233ab2c13c22e12d7855317fc2ae2559746c5494369cc083152fee,confirmed,unit-26-shipped-20240524T200000-3068,"{""carrier"": ""Maersk"", ""container_id"": ""CNT691364""}",2024-05-24 20:01:00+00
129,26,7,8,received,Sao Paulo Depot,-23.5505,-46.6333,2024-05-26 12:00:00+00,4b74f21aa783f599f6ae3cff0629cd018e8d3adc11d423b840abe0b5eadac9e5,f465515a2463dc9be91ee865d886717b7e63b4479b32703c37f13a8071547cb9,0x418ec577e97e3f4607eaa53f9c8d40387a72fc33b6d6762a517074ab1ad18896,confirmed,unit-26-received-20240526T120000-7043,"{""dock"": ""D20"", ""condition"": ""good""}",2024-05-26 12:05:00+00
130,26,6,3,manufactured,Singapore Logistics Hub,1.3521,103.8198,2024-06-14 07:00:00+00,6cf9bdd1f96a15dce4ed2d3b21eec0d9993aa9128fd34fe0afbdb196c86c4757,0000000000000000000000000000000000000000000000000000000000000000,0x10dd3b4de16a45b22f96b18cd0020ffab7861e30c57913032a1dab79e9e86ce7,confirmed,unit-26-manufactured-20240614T070000-7284,{},2024-06-14 07:03:00+00
131,27,5,5,received,Dallas Retail Store #12,32.7767,-96.797,2024-04-04 17:00:00+00,42202e6503d1236200e234cd08cf5382a9d9955b7d7d817c2561120ed4124b6e,8c45cc2536418ef3826afda4c2b87d9fabf8e0ebdc632dac145845ad4218245e,0xb5b085e6dbd5c8766bbb8ffa0d84a520de472a152ebfaba8c39398c4d9a10d54,confirmed,unit-27-received-20240404T170000-4692,{},2024-04-04 17:01:00+00
132,27,25,1,sold,Chicago Regional Warehouse,41.8781,-87.6298,2024-04-15 02:00:00+00,8c45cc2536418ef3826afda4c2b87d9fabf8e0ebdc632dac145845ad4218245e,bdd1d6d6c4c04309a7f51b95664558da4e44f0777becfe8489d321f8ab112940,0x3060f57c7ee6c835f4fb573403568864d8f7ccc2c3f4b320ba47d86f5b43fac7,confirmed,unit-27-sold-20240415T020000-1550,{},2024-04-15 02:01:00+00
133,27,14,4,inspected,Dallas Retail Store #12,32.7767,-96.797,2024-09-13 19:00:00+00,bdd1d6d6c4c04309a7f51b95664558da4e44f0777becfe8489d321f8ab112940,568803cf411f512f59e4429fdd79884ac84d7f3f11b2f14c83935f084a69d6c6,0xf3b8647e875a2ebe6b08593a46f3877cc19d7dd115e55f723ae503ccde083a9b,confirmed,unit-27-inspected-20240913T190000-2020,{},2024-09-13 19:02:00+00
134,27,21,4,inspected,Los Angeles Port Terminal,33.7406,-118.2706,2024-12-28 04:00:00+00,27332efd3b617bcedd7371acceb904f427dd7410620da62577c77e67b1d8e384,42202e6503d1236200e234cd08cf5382a9d9955b7d7d817c2561120ed4124b6e,0x88a8f5a80c93cc47f0093244bf4ef78f444dcb61da633b6a9779b77f3570495f,confirmed,unit-27-inspected-20241228T040000-9285,{},2024-12-28 04:02:00+00
135,27,6,6,inspected,New York Fulfillment Center,40.7128,-74.006,2025-01-04 10:00:00+00,568803cf411f512f59e4429fdd79884ac84d7f3f11b2f14c83935f084a69d6c6,0000000000000000000000000000000000000000000000000000000000000000,0x1658a01f735828ff74569c9e3379a97fc4ab3d156e08688a4d70584e895cf94d,confirmed,unit-27-inspected-20250104T100000-3610,{},2025-01-04 10:02:00+00
136,27,6,5,manufactured,Los Angeles Port Terminal,33.7406,-118.2706,2025-02-02 00:00:00+00,fa0b5fcdc0dacdb853e457b9770b03a580312e5e145799ea08b59ecb7bae6a8e,0000000000000000000000000000000000000000000000000000000000000000,0x42965282d5610216ee32653e44783d116bf7ec67945d5ff312691bb122162928,confirmed,unit-27-manufactured-20250202T000000-6111,"{""batch_no"": ""B7149"", ""line"": ""B""}",2025-02-02 00:03:00+00
137,28,19,4,manufactured,Los Angeles Port Terminal,33.7406,-118.2706,2024-02-08 00:00:00+00,776b176bb3e362bc6b3c35e26fd9f6527a4afffc72f4ce8cc993dd0fbb38dbe1,0000000000000000000000000000000000000000000000000000000000000000,0x60fa8f3e103732bf73adc194858412c04643692f25280646b1b6252a51c27e2f,confirmed,unit-28-manufactured-20240208T000000-2983,"{""batch_no"": ""B1672"", ""line"": ""B""}",2024-02-08 00:01:00+00
138,28,18,7,inspected,Tokyo QA Lab,35.6762,139.6503,2024-02-10 03:00:00+00,191091de79d864b846b21dad35dfa888db6f1ed067b0f10d198cf62ab8fe5c29,776b176bb3e362bc6b3c35e26fd9f6527a4afffc72f4ce8cc993dd0fbb38dbe1,0xf0de83cbd85a0e9745117d98e17e5984cb392ea9b071c04579d2dd7709c176ed,confirmed,unit-28-inspected-20240210T030000-2129,"{""inspector_notes"": ""minor defect noted"", ""score"": 85.2}",2024-02-10 03:00:00+00
139,28,16,1,sold,Hamburg Container Yard,53.5511,9.9937,2025-04-27 20:00:00+00,48dd9a4e174708494c083bacf13bb4084c97ba23d5756b18ac5bce651a6759cb,0000000000000000000000000000000000000000000000000000000000000000,0xd15cf7c25c283fffe2184f6734d4524af3767892839145403cc3a46d9c9967e6,confirmed,unit-28-sold-20250427T200000-9592,{},2025-04-27 20:01:00+00
140,29,22,9,received,Hamburg Container Yard,53.5511,9.9937,2024-03-06 17:00:00+00,fe1a7b574f2e1626cb5b6968cb7103e7b764354c306b42247db3c6a0794017d5,164bddbaac08fb6af1776c1165d55e224d44f90dedf62a423089779db6d4250d,0xb95de0772d8e078511d913574589f578ebcbe2bdae85a48857978365ac6210e1,confirmed,unit-29-received-20240306T170000-3981,{},2024-03-06 17:03:00+00
141,29,23,8,inspected,Los Angeles Port Terminal,33.7406,-118.2706,2025-02-18 21:00:00+00,164bddbaac08fb6af1776c1165d55e224d44f90dedf62a423089779db6d4250d,0000000000000000000000000000000000000000000000000000000000000000,0x2aada989f97b6a6077111649bca5b52fbd4e1d5deed0da1a8671588d3d5e3b83,confirmed,unit-29-inspected-20250218T210000-6236,{},2025-02-18 21:02:00+00
142,29,16,2,manufactured,Dallas Retail Store #12,32.7767,-96.797,2025-02-25 00:00:00+00,878c8b94344627d1e9e0328dc706d686b487431df84ac9445498d6638686c38d,0000000000000000000000000000000000000000000000000000000000000000,0x39da49c8c6e3ff34c0989b830e8666f00bca71471d3ef957e88c8558a3334e4a,confirmed,unit-29-manufactured-20250225T000000-8532,"{""batch_no"": ""B8135"", ""line"": ""A""}",2025-02-25 00:03:00+00
143,29,24,9,inspected,Tokyo QA Lab,35.6762,139.6503,2025-02-26 14:00:00+00,58a2b4782934504e4e377393a67dd82380e4ba2c4f3deee1fbacc4d215209d8a,878c8b94344627d1e9e0328dc706d686b487431df84ac9445498d6638686c38d,0x8c6e91a530fbd9e689c388f80d9cf2a195f4526c1224558ec77fd6ebf20c8688,confirmed,unit-29-inspected-20250226T140000-9817,"{""inspector_notes"": ""minor defect noted"", ""score"": 91.5}",2025-02-26 14:02:00+00
144,29,24,10,shipped,Mumbai Inspection Center,19.076,72.8777,2025-02-28 18:00:00+00,a80e3338bdba15ccdf701fdfcc2c0fcb3b8ff584f8d4acb2eb855500f350c913,58a2b4782934504e4e377393a67dd82380e4ba2c4f3deee1fbacc4d215209d8a,0x55471288f5e3182f60ccc5cf323fcb357086a2b594fc19960231263322cf7b1a,failed,unit-29-shipped-20250228T180000-5022,"{""carrier"": ""Maersk"", ""container_id"": ""CNT392477""}",2025-02-28 18:03:00+00
145,29,15,4,received,,,,2025-03-04 21:00:00+00,6f15bca8e3ae9bde87217c93316ed72c54e821483deb18769289dea694c99bb8,a80e3338bdba15ccdf701fdfcc2c0fcb3b8ff584f8d4acb2eb855500f350c913,0x0b8f5abffff581a484b0f809436cc833f46f9df80b5aa0f16ff88f7b97aa0f9d,confirmed,unit-29-received-20250304T210000-7209,"{""dock"": ""D16"", ""condition"": ""damaged_minor""}",2025-03-04 21:00:00+00
146,30,7,6,manufactured,,,,2024-09-06 00:00:00+00,7d316acb51c61678e4b91f276a3c800bb5586bdf9dba45a025765b7ba02d1510,0000000000000000000000000000000000000000000000000000000000000000,0xb0591e266babaf2232d4c8e64e32ff9f9e9e815d57a7cc59fd7d6128e6a45e9c,confirmed,unit-30-manufactured-20240906T000000-6576,"{""batch_no"": ""B5526"", ""line"": ""C""}",2024-09-06 00:02:00+00
147,30,1,9,inspected,Chicago Regional Warehouse,41.8781,-87.6298,2024-09-06 14:00:00+00,8657135492fe88a3a501f3cab2f10dfdbc54833c94b962108ec30029c92d156f,7d316acb51c61678e4b91f276a3c800bb5586bdf9dba45a025765b7ba02d1510,0xb7f9cd14ab22688d84fba138a751f9caaa61123f33250c78f4f74ba766f73005,confirmed,unit-30-inspected-20240906T140000-4954,"{""inspector_notes"": ""minor defect noted"", ""score"": 93.3}",2024-09-06 14:02:00+00
148,31,7,6,received,New York Fulfillment Center,40.7128,-74.006,2024-03-14 10:00:00+00,81950727b359f38a35ba9c9eb7a056be9f1d4da793c525db01151328b5cda9af,0000000000000000000000000000000000000000000000000000000000000000,0x3840d1041f7feb3c93f427d1037a2e9dfd7c82849d861a275e67581113dd558a,confirmed,unit-31-received-20240314T100000-6231,{},2024-03-14 10:01:00+00
149,31,16,8,manufactured,Singapore Logistics Hub,1.3521,103.8198,2024-12-19 00:00:00+00,fe6a50293e6275e6a0cd7744793932da3bd1183f7c8bb9f931a2627993dd76a3,0000000000000000000000000000000000000000000000000000000000000000,0xd825a5b9f35cbcd7b5b43287b51e33baed1313879199002c21645bca2532675f,confirmed,unit-31-manufactured-20241219T000000-2524,"{""batch_no"": ""B7625"", ""line"": ""C""}",2024-12-19 00:05:00+00
150,31,8,5,inspected,Tokyo QA Lab,35.6762,139.6503,2024-12-21 03:00:00+00,f1171ce7e64b21e8531dec88105a54e87a158497d485dcab5a306593adda3af1,fe6a50293e6275e6a0cd7744793932da3bd1183f7c8bb9f931a2627993dd76a3,0xafb27a0045b29bc64aee8ad69ba5ece9dd743bd00385f8ae48d60584e7297afa,confirmed,unit-31-inspected-20241221T030000-8753,"{""inspector_notes"": ""minor defect noted"", ""score"": 91.4}",2024-12-21 03:05:00+00
151,32,12,8,manufactured,Mumbai Inspection Center,19.076,72.8777,2024-06-18 00:00:00+00,87582679ac0db68360f053de921facbffa6ec3c66598a8c1e0a9b639a45695b5,0000000000000000000000000000000000000000000000000000000000000000,0x1b9e0ef77aaa4a4a0554b2834093f167ed7b9c9c3988bf1ff2f607b80c3b7910,confirmed,unit-32-manufactured-20240618T000000-5118,"{""batch_no"": ""B4155"", ""line"": ""B""}",2024-06-18 00:03:00+00
152,32,12,3,received,Mumbai Inspection Center,19.076,72.8777,2024-06-18 15:00:00+00,40c7189b97399bbd1dd70cbb7d69e9ce716d0c79536820ae59f1738b0148a184,bcfc85f6dbfb2ae02898c8db8bc0c231f2ed9802e65e25b5b4ece7804abdbcf2,,pending,unit-32-received-20240618T150000-9751,"{""dock"": ""D2"", ""condition"": ""good""}",2024-06-18 15:04:00+00
153,32,4,9,inspected,,,,2024-06-19 03:00:00+00,9ae27246a99a7122fbfa17d2c8a294cd6b0e52149e472a6cfdeba24a28294312,87582679ac0db68360f053de921facbffa6ec3c66598a8c1e0a9b639a45695b5,0x1da88b719783271773541df73f72c42f9434ff4736463ee333a153af54e1b79d,confirmed,unit-32-inspected-20240619T030000-4138,"{""inspector_notes"": ""minor defect noted"", ""score"": 89.1}",2024-06-19 03:04:00+00
154,32,19,9,shipped,New York Fulfillment Center,40.7128,-74.006,2024-06-21 08:00:00+00,bcfc85f6dbfb2ae02898c8db8bc0c231f2ed9802e65e25b5b4ece7804abdbcf2,9ae27246a99a7122fbfa17d2c8a294cd6b0e52149e472a6cfdeba24a28294312,0x467e4a7055591e5b1979d8252b2db19d8906cb01ad3204226ab13d4152de9fbc,failed,unit-32-shipped-20240621T080000-2647,"{""carrier"": ""DHL"", ""container_id"": ""CNT338533""}",2024-06-21 08:01:00+00
155,32,18,5,sold,Sao Paulo Depot,-23.5505,-46.6333,2024-06-21 08:00:00+00,81d9ac769784e82e59049af206e7d4208c24b8d8811ea8bd0b73bb50333b1272,40c7189b97399bbd1dd70cbb7d69e9ce716d0c79536820ae59f1738b0148a184,,pending,unit-32-sold-20240621T080000-9042,"{""order_id"": ""ORD11607"", ""channel"": ""wholesale""}",2024-06-21 08:03:00+00
156,32,16,6,shipped,Mexico City Assembly Plant,19.4326,-99.1332,2025-04-23 23:00:00+00,6a29ef1d6ad82f9d2c6422de35354158f930a827c7f9b33eec6a849c455a9317,0000000000000000000000000000000000000000000000000000000000000000,0xa2e0ba530cc3e8c391a746cde341029e2f33f1c775e3605e52cbace04dcc3042,confirmed,unit-32-shipped-20250423T230000-2996,{},2025-04-23 23:00:00+00
157,33,16,5,received,Singapore Logistics Hub,1.3521,103.8198,2024-01-12 02:00:00+00,57f10494e28cfbdea5a1042101724aa5d276eab8d3da3456843e0eec4131e388,122272acd6328b2516f1515cd27b426239b94f34799b610c26922060b50cb68c,0x0599256f2ced72b307a545cbe7f5c2fe6f6f81dba540958d6ce4707ce186e955,confirmed,unit-33-received-20240112T020000-9281,{},2024-01-12 02:01:00+00
158,33,18,8,received,Mumbai Inspection Center,19.076,72.8777,2024-01-19 20:00:00+00,369efde167840033730451abd50157498a85b9f54b7edc218acefcd138b55a87,0000000000000000000000000000000000000000000000000000000000000000,,simulated,unit-33-received-20240119T200000-6848,{},2024-01-19 20:02:00+00
159,33,4,4,inspected,,,,2024-03-12 07:00:00+00,122272acd6328b2516f1515cd27b426239b94f34799b610c26922060b50cb68c,369efde167840033730451abd50157498a85b9f54b7edc218acefcd138b55a87,0xda887a0ab2441d14a2b2880fe35ec120e2f396c44c37dcff2cb442715411228a,confirmed,unit-33-inspected-20240312T070000-1430,{},2024-03-12 07:00:00+00
160,33,16,8,manufactured,Hamburg Container Yard,53.5511,9.9937,2024-08-28 00:00:00+00,94309297aba579f31a070a0ac3c7823dd9885efb12418e24cd6be5f955400669,0000000000000000000000000000000000000000000000000000000000000000,0x1b6717db93c5891bbc08f33e87045151bdff64bdc83cb2ec8fd31583a3ee99a2,confirmed,unit-33-manufactured-20240828T000000-1841,"{""batch_no"": ""B8827"", ""line"": ""A""}",2024-08-28 00:03:00+00
161,33,3,7,inspected,Singapore Logistics Hub,1.3521,103.8198,2024-08-28 13:00:00+00,8504fbdb4b03beb534decad976de4ed041ccb54c4d99f1fb5b30f98b05af0af7,94309297aba579f31a070a0ac3c7823dd9885efb12418e24cd6be5f955400669,0xb43856afcb6c88135ea943b135fdd17a3983ac7b144e3dee1e025aade22660c9,confirmed,unit-33-inspected-20240828T130000-1878,"{""inspector_notes"": ""passed with rework"", ""score"": 99.2}",2024-08-28 13:02:00+00
162,33,3,4,shipped,Los Angeles Port Terminal,33.7406,-118.2706,2024-09-01 18:00:00+00,c81770f792621324117cb0b38235c5c9e5758ce61d17c9b51138bae93f947d48,8504fbdb4b03beb534decad976de4ed041ccb54c4d99f1fb5b30f98b05af0af7,0x21dd8190cf9f2a97aacd149fd9d485b439c2973d433d956478757f680568f399,confirmed,unit-33-shipped-20240901T180000-4697,"{""carrier"": ""UPS"", ""container_id"": ""CNT572398""}",2024-09-01 18:04:00+00
163,33,15,10,received,Shenzhen Factory Floor 2,22.5431,114.0579,2024-10-13 14:00:00+00,85049c71228e673804eeb74c7b2f151d9b860e50c36abd2791e6d1a5775df559,57f10494e28cfbdea5a1042101724aa5d276eab8d3da3456843e0eec4131e388,0x5f2858960db966de18d34b93a6082c9f93486c436c12fb97c4b288d52da5514f,confirmed,unit-33-received-20241013T140000-6049,{},2024-10-13 14:03:00+00
164,34,21,4,inspected,Shenzhen Factory Floor 2,22.5431,114.0579,2024-02-21 13:00:00+00,f28abbdc770c73e8088e7287d82aee774fc083e0dda33b7287382d54a8ae1979,b9f118c359f94bc7794dbb4db00efbc2918319b0e0ef9b33ad3c4d2f5c16703d,,pending,unit-34-inspected-20240221T130000-8739,{},2024-02-21 13:02:00+00
165,34,19,7,manufactured,Mumbai Inspection Center,19.076,72.8777,2024-06-01 00:00:00+00,d687b1ba07061450e5ccf9bb0b4f76a555394afa1ca8b42188c06547351f16b8,0000000000000000000000000000000000000000000000000000000000000000,,simulated,unit-34-manufactured-20240601T000000-2625,"{""batch_no"": ""B4404"", ""line"": ""C""}",2024-06-01 00:03:00+00
166,34,7,5,inspected,Tokyo QA Lab,35.6762,139.6503,2024-06-01 14:00:00+00,88eefd947aab922aeca80a5f6fe40bb2af34c12098941512aa5cf5fa1dd8dd33,d687b1ba07061450e5ccf9bb0b4f76a555394afa1ca8b42188c06547351f16b8,0x0b6a63e0fa83e062f8e939fe18a4333ce2a09ec12dcdd263bd64f01dba068aed,confirmed,unit-34-inspected-20240601T140000-3573,"{""inspector_notes"": ""passed with rework"", ""score"": 86.1}",2024-06-01 14:02:00+00
167,34,10,8,received,Los Angeles Port Terminal,33.7406,-118.2706,2024-06-05 03:00:00+00,3a6bf6fa1a63f701ead84f233a48556cee4812aaac24c0f471f50512f86e5914,9e8e5b25264e2f3c7d79d18f799c092d35159b3c42b7f6fecb17cc007c54802a,0xd727bb629d847d2da168573d0ec95c5d30300dcfba7aa0e82e53ef2df8ac3c6f,confirmed,unit-34-received-20240605T030000-5334,"{""dock"": ""D19"", ""condition"": ""good""}",2024-06-05 03:03:00+00
168,34,1,7,shipped,Singapore Logistics Hub,1.3521,103.8198,2024-06-06 08:00:00+00,9e8e5b25264e2f3c7d79d18f799c092d35159b3c42b7f6fecb17cc007c54802a,88eefd947aab922aeca80a5f6fe40bb2af34c12098941512aa5cf5fa1dd8dd33,,pending,unit-34-shipped-20240606T080000-5771,"{""carrier"": ""DHL"", ""container_id"": ""CNT841296""}",2024-06-06 08:05:00+00
169,34,18,6,inspected,Tokyo QA Lab,35.6762,139.6503,2024-09-01 16:00:00+00,b9f118c359f94bc7794dbb4db00efbc2918319b0e0ef9b33ad3c4d2f5c16703d,0000000000000000000000000000000000000000000000000000000000000000,0xbd8c00bf46dafc5451506f5f972200d4abb9c49c81b022e57aa53834bedcafff,confirmed,unit-34-inspected-20240901T160000-3837,{},2024-09-01 16:04:00+00
170,35,4,9,manufactured,Chicago Regional Warehouse,41.8781,-87.6298,2024-08-05 00:00:00+00,931f3dfdc07281fb0154c0c5d0147de14c6b1687c44e9e2ba17e8926613a4f35,0000000000000000000000000000000000000000000000000000000000000000,0x17846e07b08950fae04c928a2ef4f056a5a924b0dd0d05e3f6ab09d0c61c8a7c,failed,unit-35-manufactured-20240805T000000-5352,"{""batch_no"": ""B2169"", ""line"": ""A""}",2024-08-05 00:01:00+00
171,35,6,5,inspected,New York Fulfillment Center,40.7128,-74.006,2024-08-06 16:00:00+00,cd2ef324c8976e8b6c5ed158ff3c3b1f43c9cf8c6dea576e8de6023deb9c4a72,931f3dfdc07281fb0154c0c5d0147de14c6b1687c44e9e2ba17e8926613a4f35,,pending,unit-35-inspected-20240806T160000-8195,"{""inspector_notes"": ""passed with rework"", ""score"": 89.6}",2024-08-06 16:02:00+00
172,35,18,6,shipped,Tokyo QA Lab,35.6762,139.6503,2025-01-30 23:00:00+00,ee8537defb55fb4c52939d5fb72c0343c7c66e4196190a9374f26b7fa0f7b31f,0000000000000000000000000000000000000000000000000000000000000000,0x50a32d7bb3eb8adf6e4aff5527515cce5469c1d1edd0ecf8257881d985997a1c,confirmed,unit-35-shipped-20250130T230000-5331,{},2025-01-30 23:02:00+00
173,35,13,6,received,,,,2025-02-15 04:00:00+00,d20c9f17ef3c0136b2d237bc0d56fd8904eecb3b93758381e12da08ce46a4c02,ee8537defb55fb4c52939d5fb72c0343c7c66e4196190a9374f26b7fa0f7b31f,,simulated,unit-35-received-20250215T040000-5712,{},2025-02-15 04:04:00+00
174,36,20,10,shipped,Los Angeles Port Terminal,33.7406,-118.2706,2024-03-06 03:00:00+00,73fcdced0d1fcd116ef3af2ce47db857d330cd52051a43ed6da5122e06aee9da,0000000000000000000000000000000000000000000000000000000000000000,0xbcc529ad97b607bc700e675a24df479c903fc74a0e8c3852ce0a5dd81dcc88c7,confirmed,unit-36-shipped-20240306T030000-6555,{},2024-03-06 03:05:00+00
175,36,7,10,sold,Mexico City Assembly Plant,19.4326,-99.1332,2024-03-17 05:00:00+00,2156e77e90b521c829267c40744df4970f319f1aa88e2f7a0092aff0e42f1683,c95516d0e628bb00fd83af5db32a4aa2da39b7b6ba46777116aad4cff9fad197,0x1ef032e0c6b539cdce6b5032a4fc648e58e3c206feed52ed7c3802a8c280ea6a,confirmed,unit-36-sold-20240317T050000-9525,{},2024-03-17 05:01:00+00
176,36,5,2,shipped,New York Fulfillment Center,40.7128,-74.006,2025-01-14 18:00:00+00,c95516d0e628bb00fd83af5db32a4aa2da39b7b6ba46777116aad4cff9fad197,73fcdced0d1fcd116ef3af2ce47db857d330cd52051a43ed6da5122e06aee9da,0x1e37340856680ea8074b39b5682c99e29ee0f850004ccf65102bcc03839e38ab,confirmed,unit-36-shipped-20250114T180000-1831,{},2025-01-14 18:03:00+00
177,36,9,9,manufactured,Mexico City Assembly Plant,19.4326,-99.1332,2025-04-27 00:00:00+00,dcd917339e476088f82799811a1280b692484cc1995e4621ea31349ec5c3b7f8,0000000000000000000000000000000000000000000000000000000000000000,,pending,unit-36-manufactured-20250427T000000-8172,"{""batch_no"": ""B1653"", ""line"": ""B""}",2025-04-27 00:02:00+00
178,36,24,6,inspected,New York Fulfillment Center,40.7128,-74.006,2025-04-28 12:00:00+00,e6bf653599db3be581a0990478e3e9b2a364c42d9436aa22efda30a5d8f699e2,dcd917339e476088f82799811a1280b692484cc1995e4621ea31349ec5c3b7f8,,pending,unit-36-inspected-20250428T120000-1423,"{""inspector_notes"": ""passed with rework"", ""score"": 97.5}",2025-04-28 12:01:00+00
179,36,19,10,shipped,Shenzhen Factory Floor 2,22.5431,114.0579,2025-04-30 04:00:00+00,20a8b46a0df8559a4b2c61880c082c970f83c45ea28061c4d8c04d5638094e8b,e6bf653599db3be581a0990478e3e9b2a364c42d9436aa22efda30a5d8f699e2,0x6ec0db93a6044919b792df5bf807eb218eeecaa6acc59f8fdebdff629895f593,confirmed,unit-36-shipped-20250430T040000-1659,"{""carrier"": ""FedEx"", ""container_id"": ""CNT593355""}",2025-04-30 04:03:00+00
180,36,17,8,received,Mumbai Inspection Center,19.076,72.8777,2025-04-30 09:00:00+00,9dede28fb73f564e9b6234c205895370408cb06ce86767cc174018bea1741991,20a8b46a0df8559a4b2c61880c082c970f83c45ea28061c4d8c04d5638094e8b,0x2fff24925701e41cdbdb9f9a234e31b5f535a504cb76666caf9400174d362f14,confirmed,unit-36-received-20250430T090000-8141,"{""dock"": ""D16"", ""condition"": ""good""}",2025-04-30 09:02:00+00
181,37,14,6,manufactured,Hamburg Container Yard,53.5511,9.9937,2024-06-27 00:00:00+00,2378850e5b2f486ac7f010b4cac4948a75ecc2efcfb09b9be047a3db6384ed9e,0000000000000000000000000000000000000000000000000000000000000000,0xfee16e1262bc403151c12fdcf68aba0b9714b783bd4a87b38eb32bfb836f025c,confirmed,unit-37-manufactured-20240627T000000-3634,"{""batch_no"": ""B9117"", ""line"": ""B""}",2024-06-27 00:02:00+00
182,37,22,7,inspected,,,,2024-06-27 08:00:00+00,50efc02b3a20f95ef7bca397bc5fd465426f5c5e5cab8c4d45a63395963bb74a,2378850e5b2f486ac7f010b4cac4948a75ecc2efcfb09b9be047a3db6384ed9e,,pending,unit-37-inspected-20240627T080000-8451,"{""inspector_notes"": ""minor defect noted"", ""score"": 89.8}",2024-06-27 08:05:00+00
183,37,25,7,shipped,Mexico City Assembly Plant,19.4326,-99.1332,2024-06-27 08:00:00+00,e70e066b96ff56597dd12932887bfb3e4efa90ae5f3f7abc2a95e8479ae75da8,50efc02b3a20f95ef7bca397bc5fd465426f5c5e5cab8c4d45a63395963bb74a,0x1f6adb141bab5719064b0a19aaa8cbcf483f1773b79922ec11ba9ac0ac7f2d80,confirmed,unit-37-shipped-20240627T080000-9889,"{""carrier"": ""Maersk"", ""container_id"": ""CNT296694""}",2024-06-27 08:05:00+00
184,37,17,6,received,New York Fulfillment Center,40.7128,-74.006,2024-07-05 09:00:00+00,8637f1aac80a8683756732e710c47d9f165d91fa3b34b644741fb9151b691f40,e70e066b96ff56597dd12932887bfb3e4efa90ae5f3f7abc2a95e8479ae75da8,0xc6237c317715e0f5b182f0883ef35a699906eca7b5985602d3082d78072a300f,confirmed,unit-37-received-20240705T090000-8242,"{""dock"": ""D7"", ""condition"": ""damaged_minor""}",2024-07-05 09:05:00+00
185,37,15,9,shipped,Rotterdam Distribution Hub,51.9244,4.4777,2024-11-09 02:00:00+00,67096be5362b86c460008447fa00f5faf23a388d6cb2306ded169365f223cc60,0000000000000000000000000000000000000000000000000000000000000000,,simulated,unit-37-shipped-20241109T020000-7523,{},2024-11-09 02:03:00+00
186,37,6,10,inspected,Tokyo QA Lab,35.6762,139.6503,2025-04-04 12:00:00+00,6076dafecb55db5181f662351a19ba6acd685642805a105756de542423eec4c6,67096be5362b86c460008447fa00f5faf23a388d6cb2306ded169365f223cc60,0x50c445d2b90668104a7c42f67e6f7c4433841fbe43a5ba0304453c66f65b057f,confirmed,unit-37-inspected-20250404T120000-9442,{},2025-04-04 12:04:00+00
187,38,10,8,manufactured,Sao Paulo Depot,-23.5505,-46.6333,2024-03-08 00:00:00+00,9a5e5dc32e75aee9d356c5b8c9a6916c41a4627519369f2cedf4861f8fe43304,0000000000000000000000000000000000000000000000000000000000000000,,pending,unit-38-manufactured-20240308T000000-2989,"{""batch_no"": ""B4920"", ""line"": ""C""}",2024-03-08 00:01:00+00
188,38,6,5,inspected,Mexico City Assembly Plant,19.4326,-99.1332,2024-03-08 05:00:00+00,940cc9b34e45c8cc658b9119def3af0973af90a71c83fb4a0927daaad508284f,9a5e5dc32e75aee9d356c5b8c9a6916c41a4627519369f2cedf4861f8fe43304,,pending,unit-38-inspected-20240308T050000-7684,"{""inspector_notes"": ""passed"", ""score"": 91.9}",2024-03-08 05:02:00+00
189,38,4,3,shipped,Singapore Logistics Hub,1.3521,103.8198,2024-03-11 10:00:00+00,10fb4598636d957e413919344b2c7cc5547f8a80a54a67ec6e7515c0e8151b98,940cc9b34e45c8cc658b9119def3af0973af90a71c83fb4a0927daaad508284f,0xf312b1a987665e241095e67d13f06e0f1dfc5218fefb0aac51a61d396a6f588e,confirmed,unit-38-shipped-20240311T100000-9337,"{""carrier"": ""UPS"", ""container_id"": ""CNT975271""}",2024-03-11 10:03:00+00
190,38,24,3,sold,Los Angeles Port Terminal,33.7406,-118.2706,2024-03-14 12:00:00+00,2a7c42bddc48655073039cf772ce3b5c824e4b0fa1d3cb2d3f86af2a8eff5837,b7b854c48d62c92f48325d9fbe5f8951b45007f27ff685752e9163cb085f4bff,0xd00c29a73609aa0040e46309759b7a321140eeff17a0b8d18f50a0552221121d,confirmed,unit-38-sold-20240314T120000-7798,"{""order_id"": ""ORD76550"", ""channel"": ""online""}",2024-03-14 12:02:00+00
191,38,16,8,received,Chicago Regional Warehouse,41.8781,-87.6298,2024-03-15 18:00:00+00,b7b854c48d62c92f48325d9fbe5f8951b45007f27ff685752e9163cb085f4bff,10fb4598636d957e413919344b2c7cc5547f8a80a54a67ec6e7515c0e8151b98,0x246a552f2a9020eb70c2a6ecf42fdf6b2fce1de572094dc1e3eb059561ee0863,confirmed,unit-38-received-20240315T180000-3369,"{""dock"": ""D20"", ""condition"": ""good""}",2024-03-15 18:03:00+00
192,39,24,5,manufactured,New York Fulfillment Center,40.7128,-74.006,2024-05-24 00:00:00+00,c851da3d80dad4d2c38a56dbfd80f64faaa08c6ebdffc0eb5921abe5904df1a6,0000000000000000000000000000000000000000000000000000000000000000,0x21dc43473fdbc08d6a920bb919e6a3669fa486c0de2bb95212f94b5ac6d0d014,confirmed,unit-39-manufactured-20240524T000000-3434,"{""batch_no"": ""B8935"", ""line"": ""B""}",2024-05-24 00:02:00+00
193,39,14,9,shipped,Singapore Logistics Hub,1.3521,103.8198,2025-01-22 17:00:00+00,8fc2eefc8f7740186f7f1680dda7359caac431392262fd1a83b3856c6a91c423,0000000000000000000000000000000000000000000000000000000000000000,0x555e793f02770aa458f375a612435a47084921ec2da0b68105f650e0485f8e84,confirmed,unit-39-shipped-20250122T170000-4578,{},2025-01-22 17:00:00+00
194,40,20,7,inspected,Rotterdam Distribution Hub,51.9244,4.4777,2024-03-24 05:00:00+00,29b3e64a37a830a2f750d81033ab61080b8dd61490112ec43c3da3c824558c89,0000000000000000000000000000000000000000000000000000000000000000,0x382680875bd59c27267a6fc67411aff829b17eda47287ecefd284b59ce8db112,confirmed,unit-40-inspected-20240324T050000-3712,{},2024-03-24 05:04:00+00
195,40,25,9,manufactured,Dallas Retail Store #12,32.7767,-96.797,2024-10-09 00:00:00+00,73003207392de36b1673246c86e754528614507b1a05da0109c72c2c49659641,0000000000000000000000000000000000000000000000000000000000000000,,simulated,unit-40-manufactured-20241009T000000-6272,"{""batch_no"": ""B4912"", ""line"": ""C""}",2024-10-09 00:01:00+00
196,40,13,7,shipped,Tokyo QA Lab,35.6762,139.6503,2024-10-10 22:00:00+00,6af69e2c9982dfe4bebe054e11941ca2ec43f5cbe9c368ce2978153615a45577,5ddce62bc29d757740c6d6a39a43007939edd5b864719fdb071a7324385cd21a,,simulated,unit-40-shipped-20241010T220000-9115,"{""carrier"": ""FedEx"", ""container_id"": ""CNT626690""}",2024-10-10 22:04:00+00
197,40,13,4,inspected,,,,2024-10-11 08:00:00+00,5ddce62bc29d757740c6d6a39a43007939edd5b864719fdb071a7324385cd21a,73003207392de36b1673246c86e754528614507b1a05da0109c72c2c49659641,0x910256daef61dbe1cb37da2e319aee8ae50093178b91c852aecfaba0bb717cb8,confirmed,unit-40-inspected-20241011T080000-1715,"{""inspector_notes"": ""minor defect noted"", ""score"": 95.6}",2024-10-11 08:04:00+00
198,40,5,4,received,Shenzhen Factory Floor 2,22.5431,114.0579,2024-10-20 22:00:00+00,4f113582c62bf5f9d2a9aa54ccefe61d176696712ae75de3e18ab2cd5cac07f7,38842007ec25ed5763084ae16b3703b898cc3361de928850ebcb011485977da6,0xbde0708f60bf3aae538484cfccb371c31e90072e38d90b9b1aad6f983500eb2a,confirmed,unit-40-received-20241020T220000-1310,{},2024-10-20 22:01:00+00
199,40,11,10,sold,Shenzhen Factory Floor 2,22.5431,114.0579,2025-02-26 00:00:00+00,61e8281b410297a9c3d53678111f5b0bfd65f33fbd39638fbabbb1d267f69030,29b3e64a37a830a2f750d81033ab61080b8dd61490112ec43c3da3c824558c89,0x83308d0f083a70e7d48459eeb44f12cadc72fa4f57bd669f63d2c7b59007ce73,confirmed,unit-40-sold-20250226T000000-5336,{},2025-02-26 00:05:00+00
200,40,19,6,shipped,Mexico City Assembly Plant,19.4326,-99.1332,2025-02-28 16:00:00+00,38842007ec25ed5763084ae16b3703b898cc3361de928850ebcb011485977da6,61e8281b410297a9c3d53678111f5b0bfd65f33fbd39638fbabbb1d267f69030,0x85a989187528aa0f0cdfc7751fe8257b8b18912755cd4a06f6dcba4661da43d1,confirmed,unit-40-shipped-20250228T160000-5911,{},2025-02-28 16:04:00+00
201,41,12,10,shipped,Chicago Regional Warehouse,41.8781,-87.6298,2024-04-22 04:00:00+00,471e604fdd112fbff585d3dbdc53cf315347a31a798feb0ce834e0156eefa454,0000000000000000000000000000000000000000000000000000000000000000,0x315a6c2d7307b5f001a3fd0e732e80a30367138cbb16a7ae40f3fb417335b2cc,confirmed,unit-41-shipped-20240422T040000-8454,{},2024-04-22 04:00:00+00
202,41,4,8,manufactured,Los Angeles Port Terminal,33.7406,-118.2706,2024-06-18 00:00:00+00,31805bf1dec4bfbed7852879239c85f8b0074731adb55b27d6ab36bc38ff52cb,0000000000000000000000000000000000000000000000000000000000000000,,pending,unit-41-manufactured-20240618T000000-8486,"{""batch_no"": ""B3361"", ""line"": ""B""}",2024-06-18 00:05:00+00
203,41,21,3,inspected,Los Angeles Port Terminal,33.7406,-118.2706,2024-06-20 16:00:00+00,9400c0b0a9d3d2af654c12a417845703d371c223af001874a979bec8c6b2268f,31805bf1dec4bfbed7852879239c85f8b0074731adb55b27d6ab36bc38ff52cb,0xc27c1a2d342105c5c029d6fa66be5f3c01769feb329113ab9c305d710774dc07,confirmed,unit-41-inspected-20240620T160000-5342,"{""inspector_notes"": ""passed with rework"", ""score"": 91.0}",2024-06-20 16:03:00+00
204,41,4,2,sold,Singapore Logistics Hub,1.3521,103.8198,2024-06-22 04:00:00+00,f5e5d96dd5d7549d7aa524a71504a7d9ff232755b46ce82fa40943f1a753c214,a0a12ffc46ade18d190dd10283a1c575cca8583854a589af2de8cd8c2f469e0b,,simulated,unit-41-sold-20240622T040000-5906,"{""order_id"": ""ORD16028"", ""channel"": ""online""}",2024-06-22 04:05:00+00
205,41,2,10,received,Los Angeles Port Terminal,33.7406,-118.2706,2024-06-22 06:00:00+00,a0a12ffc46ade18d190dd10283a1c575cca8583854a589af2de8cd8c2f469e0b,8f93c0116588e7e923385565e9c7c038943c0e1d03ca96b50895523ce6e4ef7e,,simulated,unit-41-received-20240622T060000-5708,"{""dock"": ""D3"", ""condition"": ""damaged_minor""}",2024-06-22 06:01:00+00
206,41,3,6,shipped,Tokyo QA Lab,35.6762,139.6503,2024-06-24 00:00:00+00,8f93c0116588e7e923385565e9c7c038943c0e1d03ca96b50895523ce6e4ef7e,9400c0b0a9d3d2af654c12a417845703d371c223af001874a979bec8c6b2268f,,simulated,unit-41-shipped-20240624T000000-7226,"{""carrier"": ""UPS"", ""container_id"": ""CNT667296""}",2024-06-24 00:03:00+00
207,42,12,7,shipped,New York Fulfillment Center,40.7128,-74.006,2024-01-17 19:00:00+00,d66c58a1dfcbc02cc5be2fed321996a967be524927f3f3d3c9c10be5af7d39b1,0000000000000000000000000000000000000000000000000000000000000000,,simulated,unit-42-shipped-20240117T190000-8371,{},2024-01-17 19:02:00+00
208,42,12,6,manufactured,Dallas Retail Store #12,32.7767,-96.797,2024-05-30 00:00:00+00,7e11608ddc6b7ce1f5d48849626697fdd400e43c58905574be2de1a0ff026faf,0000000000000000000000000000000000000000000000000000000000000000,0x2bf73e879fae505d6caae4cd37caa5a161218f0bbf1a361a0ba06065c3da581c,confirmed,unit-42-manufactured-20240530T000000-5000,"{""batch_no"": ""B3950"", ""line"": ""A""}",2024-05-30 00:05:00+00
209,42,15,3,received,Sao Paulo Depot,-23.5505,-46.6333,2025-02-11 11:00:00+00,172372cc70538deec9c70780dc37be288a8511feb196674873c345cbceaa9eb6,bf36253a93d0de66887b76077e934f1f2374fd12ef45c1c2b275ee90e3813480,0x69bd89753413e578b8b950e3412b957ee74cb880f1878343f77aaf60ad2153a4,confirmed,unit-42-received-20250211T110000-9954,{},2025-02-11 11:00:00+00
210,42,17,8,sold,Rotterdam Distribution Hub,51.9244,4.4777,2025-03-11 16:00:00+00,bf36253a93d0de66887b76077e934f1f2374fd12ef45c1c2b275ee90e3813480,d66c58a1dfcbc02cc5be2fed321996a967be524927f3f3d3c9c10be5af7d39b1,0xc886ce398175e95672732b222115f6455fa36e306746da3abfe26c5aea9cb619,failed,unit-42-sold-20250311T160000-4159,{},2025-03-11 16:03:00+00
211,43,20,7,manufactured,New York Fulfillment Center,40.7128,-74.006,2024-02-10 00:00:00+00,4ca911844818f91083d46c449fce518393ad0ace7490f00434746e9648a9cf5c,0000000000000000000000000000000000000000000000000000000000000000,,simulated,unit-43-manufactured-20240210T000000-9153,"{""batch_no"": ""B3344"", ""line"": ""A""}",2024-02-10 00:05:00+00
212,43,15,5,inspected,Singapore Logistics Hub,1.3521,103.8198,2024-02-11 12:00:00+00,41717fc56fe52a82a9814693a14535af900a215a11e735078cf2961cbc78d086,4ca911844818f91083d46c449fce518393ad0ace7490f00434746e9648a9cf5c,,simulated,unit-43-inspected-20240211T120000-1153,"{""inspector_notes"": ""minor defect noted"", ""score"": 98.5}",2024-02-11 12:03:00+00
213,43,25,10,manufactured,Sao Paulo Depot,-23.5505,-46.6333,2025-01-22 10:00:00+00,910ad43a1d9f4ee8bd1a783db571c343a976e13e50e339876179fc56d7c70849,0000000000000000000000000000000000000000000000000000000000000000,0x91cf66b9b1acffc6338d2c6f309be5e9e9c1215cda31ce85efb2c3196b499898,confirmed,unit-43-manufactured-20250122T100000-6772,{},2025-01-22 10:01:00+00
214,44,23,10,inspected,Singapore Logistics Hub,1.3521,103.8198,2024-02-16 16:00:00+00,d191eaa27dbf3b4a61c6e7745edb35cb63f456845a7721928e0d3e8dd3ddb7ba,eaa1bc1db635192b4669c42795e52628767c56068eeceb00b2bbfa9fbe055238,0x7be6d67d287ce6d5b1487e853e9a0ab8b9f27878f4fc069e66483f14b8238df8,confirmed,unit-44-inspected-20240216T160000-1911,{},2024-02-16 16:05:00+00
215,44,3,8,manufactured,Hamburg Container Yard,53.5511,9.9937,2024-03-21 00:00:00+00,822e5f951141ce78006ac10b88c5383044b50e0fe33be71c6c1929e13a383faa,0000000000000000000000000000000000000000000000000000000000000000,0x24049e637ec120c533cbedab35d0aef1215e4b9ffc9d00a9e5efdb985de16c2f,confirmed,unit-44-manufactured-20240321T000000-7951,"{""batch_no"": ""B8484"", ""line"": ""B""}",2024-03-21 00:02:00+00
216,44,7,7,inspected,Singapore Logistics Hub,1.3521,103.8198,2024-03-21 17:00:00+00,55f6bac877abc2d6014d7fe6598eaa7ffcf690279ec7bf9f2bd0ae24b9e41d38,822e5f951141ce78006ac10b88c5383044b50e0fe33be71c6c1929e13a383faa,0x88c7f24f213305de2a5ae450c15c1f677f6f9a4f0afda0ee6ecac607d6572c6c,confirmed,unit-44-inspected-20240321T170000-4886,"{""inspector_notes"": ""minor defect noted"", ""score"": 93.6}",2024-03-21 17:01:00+00
217,44,9,3,sold,Tokyo QA Lab,35.6762,139.6503,2024-03-23 16:00:00+00,d0078cd7881820947a9fc6d89e809f40de15e171b466083f6e89da48e7c28d95,ff0623f8498bc1ce8fd731807e4807e156aca0509496f536dfc519cd434abf26,0x3831eea4ce5a231d2ae512400788c407d4b9cf7447ab40912536622a7f3f4fc6,confirmed,unit-44-sold-20240323T160000-1645,"{""order_id"": ""ORD67779"", ""channel"": ""retail""}",2024-03-23 16:02:00+00
218,44,24,8,received,Mumbai Inspection Center,19.076,72.8777,2024-03-25 03:00:00+00,ff0623f8498bc1ce8fd731807e4807e156aca0509496f536dfc519cd434abf26,c00691a23f2f078e32dfd363baa3f836d3dbe22514e8c3437d33728b91b1358b,0xabfcad4ba496bc64457591f2647f4af18fa76191e18e44f918d7226435c1c096,confirmed,unit-44-received-20240325T030000-6772,"{""dock"": ""D7"", ""condition"": ""good""}",2024-03-25 03:05:00+00
219,44,23,5,shipped,Shenzhen Factory Floor 2,22.5431,114.0579,2024-03-25 12:00:00+00,c00691a23f2f078e32dfd363baa3f836d3dbe22514e8c3437d33728b91b1358b,55f6bac877abc2d6014d7fe6598eaa7ffcf690279ec7bf9f2bd0ae24b9e41d38,,pending,unit-44-shipped-20240325T120000-5497,"{""carrier"": ""Maersk"", ""container_id"": ""CNT735863""}",2024-03-25 12:01:00+00
220,44,8,1,manufactured,Dallas Retail Store #12,32.7767,-96.797,2024-08-12 07:00:00+00,85a03b2da5f698e092a05f7c9cc34aa0bec35a65e5282d963017eaf7ceccd713,d191eaa27dbf3b4a61c6e7745edb35cb63f456845a7721928e0d3e8dd3ddb7ba,,pending,unit-44-manufactured-20240812T070000-1924,{},2024-08-12 07:05:00+00
221,44,3,9,sold,Singapore Logistics Hub,1.3521,103.8198,2024-09-27 22:00:00+00,eaa1bc1db635192b4669c42795e52628767c56068eeceb00b2bbfa9fbe055238,0000000000000000000000000000000000000000000000000000000000000000,,pending,unit-44-sold-20240927T220000-2838,{},2024-09-27 22:03:00+00
222,45,24,3,manufactured,Los Angeles Port Terminal,33.7406,-118.2706,2024-07-05 00:00:00+00,1903c730d405d9dcb6a1ef29ec23f26eee853c450c609f1e918195827f2f9873,0000000000000000000000000000000000000000000000000000000000000000,0x70f67f3a89a3ea8dd06d392175cd6ff7da167411f8fd6ebdb8769fc201fc3d20,confirmed,unit-45-manufactured-20240705T000000-6352,"{""batch_no"": ""B3877"", ""line"": ""A""}",2024-07-05 00:03:00+00
223,45,5,9,inspected,Hamburg Container Yard,53.5511,9.9937,2024-07-07 23:00:00+00,a826cb8c90649c08ddc0ced7236bbe84cc6577d6524f89df4b5ada0549df3b08,1903c730d405d9dcb6a1ef29ec23f26eee853c450c609f1e918195827f2f9873,,simulated,unit-45-inspected-20240707T230000-9221,"{""inspector_notes"": ""passed"", ""score"": 88.9}",2024-07-07 23:00:00+00
224,45,16,5,shipped,Sao Paulo Depot,-23.5505,-46.6333,2024-07-08 22:00:00+00,90fd53fa30d753a2bb9fdda968e0ecb8b8cbf1679b92837b16e08b90e5b8b9b5,a826cb8c90649c08ddc0ced7236bbe84cc6577d6524f89df4b5ada0549df3b08,0xe031da548c871cff2b88a50fdb47ee0307efba0949b0a7a8c87e15a215d3702c,confirmed,unit-45-shipped-20240708T220000-2886,"{""carrier"": ""Maersk"", ""container_id"": ""CNT247594""}",2024-07-08 22:03:00+00
225,45,25,4,received,Tokyo QA Lab,35.6762,139.6503,2024-07-11 18:00:00+00,271996127a8a92be768fdacfa5d6f0c2a381bb9f26961f13230d40dd02de30ef,90fd53fa30d753a2bb9fdda968e0ecb8b8cbf1679b92837b16e08b90e5b8b9b5,,pending,unit-45-received-20240711T180000-6992,"{""dock"": ""D13"", ""condition"": ""good""}",2024-07-11 18:04:00+00
226,45,9,9,sold,Los Angeles Port Terminal,33.7406,-118.2706,2024-07-15 08:00:00+00,8c93ae0567c32587035b962e7050b75bbc1814e4f655013c0b5a3d388bd95afe,271996127a8a92be768fdacfa5d6f0c2a381bb9f26961f13230d40dd02de30ef,0xd2a844fae3782028c243bedeb03230a0092179e6000be4383a075ab3cdea74a9,confirmed,unit-45-sold-20240715T080000-7038,"{""order_id"": ""ORD98125"", ""channel"": ""online""}",2024-07-15 08:03:00+00
227,46,21,6,manufactured,Los Angeles Port Terminal,33.7406,-118.2706,2024-07-14 00:00:00+00,190f89f81b067d1e8769a1e3964411ad36fffc8930becc52a97c4f3bc15de265,0000000000000000000000000000000000000000000000000000000000000000,,pending,unit-46-manufactured-20240714T000000-8724,"{""batch_no"": ""B6374"", ""line"": ""C""}",2024-07-14 00:04:00+00
228,46,20,7,sold,Mumbai Inspection Center,19.076,72.8777,2024-07-15 08:00:00+00,74c0e41961ac1279f97d8d86f9d37fbeb0ef7c38badf86e915dd62eb17aa558c,c9e1ac28dfad7617cf7e0642e46a1ef3c7c9fa7153d9d4c22ef68a9485f71a8e,0x97ae7b3145702f81e84bd36f4346f120b9587deffa9b229f78353d35d055c098,confirmed,unit-46-sold-20240715T080000-7070,"{""order_id"": ""ORD68287"", ""channel"": ""retail""}",2024-07-15 08:03:00+00
229,46,2,5,shipped,Singapore Logistics Hub,1.3521,103.8198,2024-07-15 12:00:00+00,4b052ad9970130f70b01db80de0cb9b4ba31ab5d9804773eaa1e6483ca2775cf,36420aa94d1482ab3198b65c885d43a1570f40f72fe6917d92de724c2be5738e,0x6addd2f5d6a3a054dfcc0a4e4cd687e65c355802dce5ebbd697e6d198d0bd693,confirmed,unit-46-shipped-20240715T120000-2592,"{""carrier"": ""FedEx"", ""container_id"": ""CNT507524""}",2024-07-15 12:04:00+00
230,46,8,2,inspected,Tokyo QA Lab,35.6762,139.6503,2024-07-16 15:00:00+00,36420aa94d1482ab3198b65c885d43a1570f40f72fe6917d92de724c2be5738e,190f89f81b067d1e8769a1e3964411ad36fffc8930becc52a97c4f3bc15de265,0xec744bc51b0ba6e07cd620df43478ca42018c91952b4ce45d2532a9d563dff98,confirmed,unit-46-inspected-20240716T150000-5951,"{""inspector_notes"": ""passed"", ""score"": 87.1}",2024-07-16 15:04:00+00
231,46,15,6,received,Tokyo QA Lab,35.6762,139.6503,2024-07-21 03:00:00+00,c9e1ac28dfad7617cf7e0642e46a1ef3c7c9fa7153d9d4c22ef68a9485f71a8e,4b052ad9970130f70b01db80de0cb9b4ba31ab5d9804773eaa1e6483ca2775cf,,simulated,unit-46-received-20240721T030000-3531,"{""dock"": ""D4"", ""condition"": ""damaged_minor""}",2024-07-21 03:05:00+00
232,46,15,1,inspected,Mexico City Assembly Plant,19.4326,-99.1332,2024-07-30 13:00:00+00,1fb0e9a6f67f17ff7fcb68d921029435f22de5583154ea04b0dc93157eda409a,216dcf36d77b96019f0bf6bb6c0db6401b0265a3157db0079b00db19c707276d,0x376db7ef6f110768db7643e01225acae855dbe162b35de7c9be8e02b81e4113c,confirmed,unit-46-inspected-20240730T130000-3196,{},2024-07-30 13:03:00+00
233,46,12,9,inspected,Mumbai Inspection Center,19.076,72.8777,2025-03-09 02:00:00+00,216dcf36d77b96019f0bf6bb6c0db6401b0265a3157db0079b00db19c707276d,ea590368647b92f3b7e211dd9fd995550f52121e63da1cb026d1668fc1cfd9e2,,pending,unit-46-inspected-20250309T020000-5496,{},2025-03-09 02:04:00+00
234,46,18,9,manufactured,Mumbai Inspection Center,19.076,72.8777,2025-04-01 09:00:00+00,ea590368647b92f3b7e211dd9fd995550f52121e63da1cb026d1668fc1cfd9e2,0000000000000000000000000000000000000000000000000000000000000000,0x759e17b5bb6ec13add3d5e33540d7d9eff30f62be9f4decd2e8202b2c3f1a23f,confirmed,unit-46-manufactured-20250401T090000-3852,{},2025-04-01 09:00:00+00
235,47,22,6,manufactured,Mexico City Assembly Plant,19.4326,-99.1332,2024-02-20 00:00:00+00,ff304c0bf4e2a4dad99f3cb4d00397815c60897a9e5ee9aafb99d00a8a9cbe8d,0000000000000000000000000000000000000000000000000000000000000000,0x3c328954b97738ee46ed9dfa117809a2ae1c91f174a5f8c336f480280b489836,confirmed,unit-47-manufactured-20240220T000000-1992,"{""batch_no"": ""B4109"", ""line"": ""A""}",2024-02-20 00:02:00+00
236,47,5,10,shipped,Chicago Regional Warehouse,41.8781,-87.6298,2024-02-21 00:00:00+00,7f959ea75ab081672e2cef616e9b5c652c53e0299119750315db01d39f99ca9c,1353e9a86b5e16ad3c4ae82febf6951324b086c63460fb4229a260d53d3d8901,0x2259e64d64cfe8f16b0e3a72431871e26359b0d28e838b33166ec52d96ecdf7d,confirmed,unit-47-shipped-20240221T000000-4394,"{""carrier"": ""FedEx"", ""container_id"": ""CNT444519""}",2024-02-21 00:05:00+00
237,47,15,2,inspected,Tokyo QA Lab,35.6762,139.6503,2024-02-21 07:00:00+00,1353e9a86b5e16ad3c4ae82febf6951324b086c63460fb4229a260d53d3d8901,ff304c0bf4e2a4dad99f3cb4d00397815c60897a9e5ee9aafb99d00a8a9cbe8d,,pending,unit-47-inspected-20240221T070000-1349,"{""inspector_notes"": ""minor defect noted"", ""score"": 88.7}",2024-02-21 07:04:00+00
238,47,17,7,received,,,,2024-07-28 18:00:00+00,d81e0285a59d4bd391a03a1e2a6152e152f0c268b00134fbb854f7729cf5faa8,0000000000000000000000000000000000000000000000000000000000000000,0xb152d0c717964fd16f132afaad40e738d38600b8e69dfbcea01e97be26fb0012,confirmed,unit-47-received-20240728T180000-6194,{},2024-07-28 18:04:00+00
239,47,6,7,manufactured,Rotterdam Distribution Hub,51.9244,4.4777,2025-04-23 01:00:00+00,30a69dae5d502403312701c2cb8e29009f7ad38e3a84f771a24bcef6e0856d2f,d81e0285a59d4bd391a03a1e2a6152e152f0c268b00134fbb854f7729cf5faa8,0x910c8075ba037d42f9d4bdda414de3cd8b3e6fb049af123d6afebe73e2fdc2b8,confirmed,unit-47-manufactured-20250423T010000-7504,{},2025-04-23 01:05:00+00
240,48,20,1,manufactured,Mumbai Inspection Center,19.076,72.8777,2025-02-07 00:00:00+00,4de674b6ca909a7bb9ae32b18ae68ce8fccba48b8d173e55f1d2540f80c54ae9,0000000000000000000000000000000000000000000000000000000000000000,0xb4e7d0d961ba3caafa2b571c73ab37885e3aabd21b6340797e24a056d7f514dc,confirmed,unit-48-manufactured-20250207T000000-3129,"{""batch_no"": ""B3858"", ""line"": ""A""}",2025-02-07 00:00:00+00
241,48,22,1,inspected,Rotterdam Distribution Hub,51.9244,4.4777,2025-02-07 05:00:00+00,4a09c8f17d825774e0d20fcea3a47435190a0bb7f8a4ff6f7ee78c91f602ccdb,4de674b6ca909a7bb9ae32b18ae68ce8fccba48b8d173e55f1d2540f80c54ae9,0x3c09a337e0f659d2ea8150b734ddc4192cad27e70ff88ea2d496765b0c7d0932,confirmed,unit-48-inspected-20250207T050000-6869,"{""inspector_notes"": ""passed"", ""score"": 93.8}",2025-02-07 05:00:00+00
242,49,9,1,manufactured,Rotterdam Distribution Hub,51.9244,4.4777,2024-03-30 00:00:00+00,b706bd6c810fbea1248832a0c0d5b9be7a771c9bd0cc9dffb10c21dfada34d88,0000000000000000000000000000000000000000000000000000000000000000,,pending,unit-49-manufactured-20240330T000000-9619,"{""batch_no"": ""B2041"", ""line"": ""B""}",2024-03-30 00:01:00+00
243,49,8,10,received,Sao Paulo Depot,-23.5505,-46.6333,2024-04-14 12:00:00+00,66d1df8298da74023d7491d4c65f0b05e884babdaec4c9e4e80594c66db9a0e0,b0e414b8072b0cfd946e7fb13c66ba9ff5cb238973f595c00aa49815d3998eac,0xbb485264157a1b4dbacd942d23f925df36d745d7070d8588746aabdc939fe6e5,confirmed,unit-49-received-20240414T120000-6269,{},2024-04-14 12:05:00+00
244,49,10,8,manufactured,Tokyo QA Lab,35.6762,139.6503,2025-01-03 17:00:00+00,b0e414b8072b0cfd946e7fb13c66ba9ff5cb238973f595c00aa49815d3998eac,41560e289c1b86584eeb4bc270cc34887cb3b59d3afb3ea872087c0ece2fe7f3,0x35668c9f3e84e38d2868831e12cd7d9b8684d2da3dbe707a6d65d89e4d03daeb,failed,unit-49-manufactured-20250103T170000-7214,{},2025-01-03 17:05:00+00
245,49,11,5,shipped,New York Fulfillment Center,40.7128,-74.006,2025-01-05 18:00:00+00,41560e289c1b86584eeb4bc270cc34887cb3b59d3afb3ea872087c0ece2fe7f3,0000000000000000000000000000000000000000000000000000000000000000,0xcfad29f6747590695cd7c9b65af5b3aef67e254293038192358404a66fe2fb97,confirmed,unit-49-shipped-20250105T180000-6890,{},2025-01-05 18:02:00+00
246,50,14,10,sold,Tokyo QA Lab,35.6762,139.6503,2024-01-16 15:00:00+00,c074d89d277715efd62dafc3425c9eed275434322e65d9ebc68459649fc79c4e,3d39756b268822bf736561000d5a909996ff515d3a1bf486e9612c636a26536b,0x27cda504c7c53896410255730300eba34421f17362f7091da8c29993cc367a75,confirmed,unit-50-sold-20240116T150000-9938,{},2024-01-16 15:01:00+00
247,50,2,5,received,Chicago Regional Warehouse,41.8781,-87.6298,2024-01-23 06:00:00+00,3d39756b268822bf736561000d5a909996ff515d3a1bf486e9612c636a26536b,d78d6ce249bcc9d469092eaa30969c11f87f17ed3c4c65529ff6f3fb91ac6788,,simulated,unit-50-received-20240123T060000-6170,{},2024-01-23 06:05:00+00
248,50,1,9,inspected,Rotterdam Distribution Hub,51.9244,4.4777,2024-07-27 20:00:00+00,49388f35e45a580dd0fd3d927709808c75abda7e34e118a11bacdffdf7ec5ca5,c074d89d277715efd62dafc3425c9eed275434322e65d9ebc68459649fc79c4e,0xe419b5275848ce5766084b5e6f9fefe00c1e19f70fddb0592bec4295197f2095,confirmed,unit-50-inspected-20240727T200000-8793,{},2024-07-27 20:04:00+00
249,50,12,9,manufactured,New York Fulfillment Center,40.7128,-74.006,2025-02-02 00:00:00+00,59bc6e79d8cef2096595eac8e5b98a44039781ef9510cf7ec4726060d62b0ef5,0000000000000000000000000000000000000000000000000000000000000000,0x0ff45bd2c021c4c43a8bc1f47268ad40f0fa823979f63141a2ed06219289f0e9,confirmed,unit-50-manufactured-20250202T000000-8405,"{""batch_no"": ""B1710"", ""line"": ""C""}",2025-02-02 00:00:00+00
250,50,22,9,inspected,Mumbai Inspection Center,19.076,72.8777,2025-02-04 14:00:00+00,8d410db21a4fad6c214b6ed6a9bcd68b7823b39917f80265fb3c196191408d42,59bc6e79d8cef2096595eac8e5b98a44039781ef9510cf7ec4726060d62b0ef5,,pending,unit-50-inspected-20250204T140000-1510,"{""inspector_notes"": ""minor defect noted"", ""score"": 97.7}",2025-02-04 14:04:00+00
251,50,5,2,received,Rotterdam Distribution Hub,51.9244,4.4777,2025-02-06 21:00:00+00,3cbcc3231bef31bf136efb9ecb9837cffdfd06b7fd1d0929f7f3d860e57c764d,b27e7ccc718d0c102d060ef06638e7c71f8f54c0e873dd39ab0ebee938aa70b0,0xc14c5ab044a5e0531e1072fe0dba2ba8b30db88cd3acd9794c12e9fb012d4d8c,confirmed,unit-50-received-20250206T210000-9984,"{""dock"": ""D13"", ""condition"": ""good""}",2025-02-06 21:05:00+00
252,50,14,2,shipped,Singapore Logistics Hub,1.3521,103.8198,2025-02-07 00:00:00+00,b27e7ccc718d0c102d060ef06638e7c71f8f54c0e873dd39ab0ebee938aa70b0,8d410db21a4fad6c214b6ed6a9bcd68b7823b39917f80265fb3c196191408d42,,simulated,unit-50-shipped-20250207T000000-2204,"{""carrier"": ""DHL"", ""container_id"": ""CNT737846""}",2025-02-07 00:05:00+00
253,50,17,9,received,Dallas Retail Store #12,32.7767,-96.797,2025-05-09 05:00:00+00,d78d6ce249bcc9d469092eaa30969c11f87f17ed3c4c65529ff6f3fb91ac6788,0000000000000000000000000000000000000000000000000000000000000000,,simulated,unit-50-received-20250509T050000-3267,{},2025-05-09 05:05:00+00
254,51,15,9,manufactured,New York Fulfillment Center,40.7128,-74.006,2024-05-30 00:00:00+00,b5d77af87a9b6407077b954620dfcf22ad2d86d5929787de499c36d1556cb392,0000000000000000000000000000000000000000000000000000000000000000,0xdcc4643d4c95df7004a2c650c6669c76b32282e688d4aabdc3e87a9517066c71,confirmed,unit-51-manufactured-20240530T000000-2624,"{""batch_no"": ""B2874"", ""line"": ""C""}",2024-05-30 00:03:00+00
255,51,21,9,inspected,Sao Paulo Depot,-23.5505,-46.6333,2024-05-31 07:00:00+00,6a15b4f6daacf01b181696be66ab6615ad2f7646746d757e363ad5dc9d01c7cb,b5d77af87a9b6407077b954620dfcf22ad2d86d5929787de499c36d1556cb392,0x49cb3514ac2fd5fcade2f61a7e3aaa80217da2c0bfc580b02a482657c233f4ad,confirmed,unit-51-inspected-20240531T070000-8046,"{""inspector_notes"": ""passed"", ""score"": 91.2}",2024-05-31 07:02:00+00
256,51,15,7,shipped,Dallas Retail Store #12,32.7767,-96.797,2024-05-31 08:00:00+00,5c67de11f4a9262f13b108911de648fcc3f95c8dca378f7db08dedcfb4dc2954,6a15b4f6daacf01b181696be66ab6615ad2f7646746d757e363ad5dc9d01c7cb,0xddabf05257e65796fcc8dfa685af090f690029df4c0fdd37b4f7bdcf82bf8aae,confirmed,unit-51-shipped-20240531T080000-6120,"{""carrier"": ""DHL"", ""container_id"": ""CNT492483""}",2024-05-31 08:03:00+00
257,51,5,8,received,Los Angeles Port Terminal,33.7406,-118.2706,2024-05-31 21:00:00+00,8210b0d91b006a690f58b8ceff635ddc388b377832f5d98c38a659c9b57118e5,5c67de11f4a9262f13b108911de648fcc3f95c8dca378f7db08dedcfb4dc2954,,pending,unit-51-received-20240531T210000-2398,"{""dock"": ""D4"", ""condition"": ""good""}",2024-05-31 21:00:00+00
258,51,24,6,sold,,,,2024-06-02 08:00:00+00,79eaac63a428e9f48500b516fcc565f1a10323ef15ca55781710ea9b465c486b,8210b0d91b006a690f58b8ceff635ddc388b377832f5d98c38a659c9b57118e5,0x642cb0447f7e5784cc39f1a9ddc95d2d1670b36730637315aedb04dc68344866,confirmed,unit-51-sold-20240602T080000-1982,"{""order_id"": ""ORD83608"", ""channel"": ""wholesale""}",2024-06-02 08:00:00+00
259,52,25,6,received,Chicago Regional Warehouse,41.8781,-87.6298,2024-07-08 10:00:00+00,357c01ee79a186533174909ae96dae725868d80e1a5c138e5b712742957a944f,c7e28c6fd4d00d28c1aa1558cb0ec5e97b8418808276fc46391de2ec3dfffb11,0xf846f029348aea01e6781c53acce4d121dbf21dbe7171a9574afba5798a0af86,confirmed,unit-52-received-20240708T100000-4625,{},2024-07-08 10:00:00+00
260,52,4,7,manufactured,Hamburg Container Yard,53.5511,9.9937,2024-12-09 00:00:00+00,46b8177e5920b6114b4754cc4670f2254cdf4b3e1318e40a4b16e67e7f89b912,0000000000000000000000000000000000000000000000000000000000000000,,simulated,unit-52-manufactured-20241209T000000-1842,"{""batch_no"": ""B6119"", ""line"": ""B""}",2024-12-09 00:02:00+00
261,52,4,10,inspected,Mexico City Assembly Plant,19.4326,-99.1332,2024-12-10 07:00:00+00,45315d610e0c7fc2e48cdcba0cde0c455c11b14911725f5bb539c3f1ff46ea0b,46b8177e5920b6114b4754cc4670f2254cdf4b3e1318e40a4b16e67e7f89b912,0xf272cd50391117700cb050379d907b6a28a08b2e5b6bb2f5fa1edaafe9ef0d95,confirmed,unit-52-inspected-20241210T070000-3535,"{""inspector_notes"": ""passed"", ""score"": 97.7}",2024-12-10 07:01:00+00
262,52,12,9,shipped,Hamburg Container Yard,53.5511,9.9937,2024-12-10 12:00:00+00,739b429758968f23553efe62d02f20e60461ccd74cd9b2e22ff42182822e7566,45315d610e0c7fc2e48cdcba0cde0c455c11b14911725f5bb539c3f1ff46ea0b,0x22b4253e79ceebd4535215237611411f93a505ca135ba4f19309c744a9ea74cc,confirmed,unit-52-shipped-20241210T120000-5564,"{""carrier"": ""UPS"", ""container_id"": ""CNT986209""}",2024-12-10 12:04:00+00
263,52,1,3,inspected,New York Fulfillment Center,40.7128,-74.006,2024-12-13 14:00:00+00,c7e28c6fd4d00d28c1aa1558cb0ec5e97b8418808276fc46391de2ec3dfffb11,0000000000000000000000000000000000000000000000000000000000000000,0xf82af9323b005dcfb65f3840d408242e489e0725675d4f3c9cae4eadecfbf663,confirmed,unit-52-inspected-20241213T140000-2101,{},2024-12-13 14:05:00+00
264,53,25,8,inspected,Sao Paulo Depot,-23.5505,-46.6333,2024-09-02 20:00:00+00,19cd5305227ce8a3a25b37b62f4495793604ad057f782ca62847831b1d2fb7f9,0000000000000000000000000000000000000000000000000000000000000000,,pending,unit-53-inspected-20240902T200000-3209,{},2024-09-02 20:04:00+00
265,53,25,10,manufactured,New York Fulfillment Center,40.7128,-74.006,2025-05-13 00:00:00+00,ef0db12686c2fea0bcadc66a6696ca4b44115c8f4e8415acfcc34bfff0854513,0000000000000000000000000000000000000000000000000000000000000000,,pending,unit-53-manufactured-20250513T000000-5381,"{""batch_no"": ""B5477"", ""line"": ""C""}",2025-05-13 00:04:00+00
266,53,13,2,shipped,Rotterdam Distribution Hub,51.9244,4.4777,2025-05-13 14:00:00+00,9348b0211c4930db9830e8d6aaacf0dad9a652b5ab0e0e0061baff9bcc6f16e9,bdac66ce2a1123b836003f253e75b606a04342f6ca6aad890700dcce51763f88,0x64e24154e49b30b7a4505c822e508dbf12cb7664c203f224059a7b4eb76905e2,confirmed,unit-53-shipped-20250513T140000-2503,"{""carrier"": ""FedEx"", ""container_id"": ""CNT494468""}",2025-05-13 14:04:00+00
267,53,25,5,inspected,Hamburg Container Yard,53.5511,9.9937,2025-05-15 00:00:00+00,bdac66ce2a1123b836003f253e75b606a04342f6ca6aad890700dcce51763f88,ef0db12686c2fea0bcadc66a6696ca4b44115c8f4e8415acfcc34bfff0854513,0xbd1058ef73c2848567d7d3f586dcdeb5235210ac2781ad56775a22a8917ce410,confirmed,unit-53-inspected-20250515T000000-1100,"{""inspector_notes"": ""passed"", ""score"": 93.5}",2025-05-15 00:05:00+00
268,53,14,8,received,Hamburg Container Yard,53.5511,9.9937,2025-05-16 00:00:00+00,0dc1cb7b264403c2bd1dcd6f516cc965aa00be9377aac62b7ede51c0ccdeca41,9348b0211c4930db9830e8d6aaacf0dad9a652b5ab0e0e0061baff9bcc6f16e9,0xe2cdd2f7b63c1369b50a253c0cc365eb994c3a802fd6630e4cab85ed191c9883,confirmed,unit-53-received-20250516T000000-7062,"{""dock"": ""D11"", ""condition"": ""good""}",2025-05-16 00:04:00+00
269,53,20,2,sold,Shenzhen Factory Floor 2,22.5431,114.0579,2025-05-16 20:00:00+00,02a496ce9636674862afd00f7ae30e5b3d4b4fe227752fe37c514d725b3c58bb,0dc1cb7b264403c2bd1dcd6f516cc965aa00be9377aac62b7ede51c0ccdeca41,0x727c02ddc6e2c669a282bf3086ae87765f397902b7e6f1807831fb2ebbed93d7,confirmed,unit-53-sold-20250516T200000-3579,"{""order_id"": ""ORD16522"", ""channel"": ""wholesale""}",2025-05-16 20:01:00+00
270,54,15,7,manufactured,Singapore Logistics Hub,1.3521,103.8198,2024-05-19 00:00:00+00,12574123c2cc4f4a2b56233f73727ae40d59e36149676a5fdbe9cf0366fe0658,0000000000000000000000000000000000000000000000000000000000000000,0xb786bc9c056122e96d7f7b728860d9e4d857fb0463cd9ca1724d1dd0e65f24b7,confirmed,unit-54-manufactured-20240519T000000-7785,"{""batch_no"": ""B9394"", ""line"": ""A""}",2024-05-19 00:03:00+00
271,54,20,9,received,Shenzhen Factory Floor 2,22.5431,114.0579,2024-11-19 16:00:00+00,4c14d80018aa93cb84490ea309243bae8c738f40a3d84018b1119bd42d18c566,0000000000000000000000000000000000000000000000000000000000000000,0xfb1303bad32110ee27b13fea4f6aa41de88b947b804d842c25e2e24378789c94,confirmed,unit-54-received-20241119T160000-3352,{},2024-11-19 16:02:00+00
272,55,4,5,manufactured,Tokyo QA Lab,35.6762,139.6503,2024-08-08 00:00:00+00,118dbc6c5cddc8052db65c3aba90d3a1f73179ced3bd5eab1f5866849348c1ba,0000000000000000000000000000000000000000000000000000000000000000,0xbb5fb89d66f90d8c66eda69a413b7261129631526c23e2d73216e92e631cf8fb,confirmed,unit-55-manufactured-20240808T000000-9633,"{""batch_no"": ""B1744"", ""line"": ""A""}",2024-08-08 00:03:00+00
273,55,13,10,inspected,Shenzhen Factory Floor 2,22.5431,114.0579,2024-08-08 04:00:00+00,d0a22e63c006cd77df1e4ccbd9823d24b4b59bfc4160dff99443ff5cfb60d79b,118dbc6c5cddc8052db65c3aba90d3a1f73179ced3bd5eab1f5866849348c1ba,0x982319243d3bc807e8b8c1a2bd19f1eefedaeacd46a9eb590ddedcbb99ac8534,confirmed,unit-55-inspected-20240808T040000-4349,"{""inspector_notes"": ""passed"", ""score"": 96.5}",2024-08-08 04:03:00+00
274,55,25,5,shipped,Mumbai Inspection Center,19.076,72.8777,2024-08-11 18:00:00+00,d45e0e3d7d17144447c8672095c72f53b9b67b038beb6ca180f32542de6d264a,d0a22e63c006cd77df1e4ccbd9823d24b4b59bfc4160dff99443ff5cfb60d79b,,pending,unit-55-shipped-20240811T180000-2965,"{""carrier"": ""UPS"", ""container_id"": ""CNT284229""}",2024-08-11 18:05:00+00
275,56,13,3,shipped,,,,2024-07-08 16:00:00+00,e142af2bbcb335717dc10331924135213abc0b06a98aca6e5c6fb334ba3076d1,0000000000000000000000000000000000000000000000000000000000000000,0xc3e4894dafa1f86dec0047c0e26aace1206b3fe885fb2de35cd1c4c5f8af7fdd,confirmed,unit-56-shipped-20240708T160000-6228,{},2024-07-08 16:04:00+00
276,56,18,4,manufactured,Mexico City Assembly Plant,19.4326,-99.1332,2024-07-13 00:00:00+00,9671f0f16349de1f81d79e80f8903c00874fec29bf8627d04ef82b46ad295067,0000000000000000000000000000000000000000000000000000000000000000,0xaaaaf803e1aca16bae439c7dcdcf8037ddcd242e4448334fb9ab7119d9a69b8d,confirmed,unit-56-manufactured-20240713T000000-2180,"{""batch_no"": ""B1693"", ""line"": ""B""}",2024-07-13 00:05:00+00
277,56,1,8,inspected,Los Angeles Port Terminal,33.7406,-118.2706,2024-07-14 20:00:00+00,5b5f0db92b059add13df77f539877500aac8f5137dbc8ead2618c1f27a010eb6,9671f0f16349de1f81d79e80f8903c00874fec29bf8627d04ef82b46ad295067,0xc27ef8a09ac225d147542fced9f109eeb169f8ad631b6c5cfd99746d64486f83,confirmed,unit-56-inspected-20240714T200000-8033,"{""inspector_notes"": ""passed with rework"", ""score"": 94.6}",2024-07-14 20:04:00+00
278,56,4,3,shipped,Mexico City Assembly Plant,19.4326,-99.1332,2024-07-20 16:00:00+00,b6223694a22ea21b0907d644a6de59c6b57670bdb822f5f94e9ef7e38e0a3fce,e142af2bbcb335717dc10331924135213abc0b06a98aca6e5c6fb334ba3076d1,0x47da842b2fc287a480442269a7083bfc220309c99ed7d5b29b8a1137f9f25211,failed,unit-56-shipped-20240720T160000-4648,{},2024-07-20 16:01:00+00
279,56,10,1,shipped,Chicago Regional Warehouse,41.8781,-87.6298,2025-04-24 06:00:00+00,a2a3b83ac8c56f034e90723544aff4a738e9889056345e8ff306eb75fcfb92a3,b6223694a22ea21b0907d644a6de59c6b57670bdb822f5f94e9ef7e38e0a3fce,0x97dc640b574a44e3b010370d9cbf53c7ead8e9a4e7b573176a70af51c120d8bf,confirmed,unit-56-shipped-20250424T060000-2922,{},2025-04-24 06:02:00+00
280,57,13,1,manufactured,Hamburg Container Yard,53.5511,9.9937,2024-02-28 00:00:00+00,237c6dbb007511a9ae519f10f62d29cb63e131cc058e6d5be3b16e786edd58cc,0000000000000000000000000000000000000000000000000000000000000000,0x2102e65889f7f4289470b1837b55e4a8843ffdf4be6f896aee128bfd35542316,failed,unit-57-manufactured-20240228T000000-8538,"{""batch_no"": ""B6928"", ""line"": ""A""}",2024-02-28 00:00:00+00
281,57,14,2,inspected,Chicago Regional Warehouse,41.8781,-87.6298,2024-03-01 11:00:00+00,cc250c4d5282ccf01e27da068515da0bf31e9b21d874aaa16ca6f89273e247a3,237c6dbb007511a9ae519f10f62d29cb63e131cc058e6d5be3b16e786edd58cc,0x64de290afb72547629436f4335277778e5435db28d8b68d1fd311150eefe986c,confirmed,unit-57-inspected-20240301T110000-7560,"{""inspector_notes"": ""minor defect noted"", ""score"": 98.1}",2024-03-01 11:03:00+00
282,57,24,6,shipped,Chicago Regional Warehouse,41.8781,-87.6298,2024-03-02 20:00:00+00,644add72caeb2e18ba8dd763751ac641e01907238ac6c1b3218bfa91b1249f5a,cc250c4d5282ccf01e27da068515da0bf31e9b21d874aaa16ca6f89273e247a3,,pending,unit-57-shipped-20240302T200000-3754,"{""carrier"": ""Maersk"", ""container_id"": ""CNT656379""}",2024-03-02 20:00:00+00
283,57,1,7,shipped,Shenzhen Factory Floor 2,22.5431,114.0579,2024-07-21 16:00:00+00,a8931f616e651c2c5b210e6b6168c1988f9a4d055dc2d6a50a9cab88b88f862b,0000000000000000000000000000000000000000000000000000000000000000,,simulated,unit-57-shipped-20240721T160000-7326,{},2024-07-21 16:02:00+00
284,57,22,9,inspected,Chicago Regional Warehouse,41.8781,-87.6298,2024-07-30 09:00:00+00,441b3914d465e755af9bedf3b59c1df362342f57d02d3275b6dd00840857a80b,a8931f616e651c2c5b210e6b6168c1988f9a4d055dc2d6a50a9cab88b88f862b,0x6a45ab12404215dff8db2711c2a4039bf438fa0f20afda8534b8071a443017ed,confirmed,unit-57-inspected-20240730T090000-3869,{},2024-07-30 09:03:00+00
285,58,15,7,received,Dallas Retail Store #12,32.7767,-96.797,2024-02-11 21:00:00+00,1aa7c9cf4545c8db3402aa9706a40fe32894f6fd9aee7617ecbe0af96d6f7b9f,0000000000000000000000000000000000000000000000000000000000000000,,pending,unit-58-received-20240211T210000-9835,{},2024-02-11 21:00:00+00
286,58,25,6,manufactured,Hamburg Container Yard,53.5511,9.9937,2024-04-09 00:00:00+00,44cd6d06f26516c6aa571d2bbdd1b5ab838a6321e1fa3d9c8afef65548434a9e,0000000000000000000000000000000000000000000000000000000000000000,,pending,unit-58-manufactured-20240409T000000-4871,"{""batch_no"": ""B5193"", ""line"": ""A""}",2024-04-09 00:00:00+00
287,58,6,10,inspected,Rotterdam Distribution Hub,51.9244,4.4777,2024-04-09 13:00:00+00,0594fd6aa74a3282e23ed717ba7937fa0efafc07d87f063b7139fdbe5cc08fb8,44cd6d06f26516c6aa571d2bbdd1b5ab838a6321e1fa3d9c8afef65548434a9e,,simulated,unit-58-inspected-20240409T130000-3902,"{""inspector_notes"": ""passed with rework"", ""score"": 92.4}",2024-04-09 13:05:00+00
288,58,25,10,shipped,,,,2024-04-14 02:00:00+00,3cf2f6ae8b77a57c66b572f430620c2e6c80efeb98cdbb93b567569e2e0db2e2,0594fd6aa74a3282e23ed717ba7937fa0efafc07d87f063b7139fdbe5cc08fb8,,simulated,unit-58-shipped-20240414T020000-6295,"{""carrier"": ""DHL"", ""container_id"": ""CNT258290""}",2024-04-14 02:01:00+00
289,58,12,9,sold,Los Angeles Port Terminal,33.7406,-118.2706,2024-04-16 04:00:00+00,ede454823429405783fa49693773e316d198d7ab9ddb7066c85e869858a60bbf,007f6b1ad1269b68b6156ba18a7ec59095d4403d9b8ce0f016beaf4d4f1f9bd4,0xdd907538cc66e9925dc49ff8d2519d6ca5a92799559f08833c279498efc443d9,confirmed,unit-58-sold-20240416T040000-8565,"{""order_id"": ""ORD17456"", ""channel"": ""online""}",2024-04-16 04:02:00+00
290,58,15,2,received,Singapore Logistics Hub,1.3521,103.8198,2024-04-16 12:00:00+00,007f6b1ad1269b68b6156ba18a7ec59095d4403d9b8ce0f016beaf4d4f1f9bd4,3cf2f6ae8b77a57c66b572f430620c2e6c80efeb98cdbb93b567569e2e0db2e2,0xde3d34bfcb5e8ea137f72a0d2640fd4c3844525250142be9161cc5a3beaf1f51,confirmed,unit-58-received-20240416T120000-5961,"{""dock"": ""D19"", ""condition"": ""good""}",2024-04-16 12:02:00+00
291,59,21,1,sold,Mexico City Assembly Plant,19.4326,-99.1332,2024-01-18 02:00:00+00,caec724770f3dc156feafc862172166d8491917ac8c10148afb1541849fd30d7,0000000000000000000000000000000000000000000000000000000000000000,0x8641a1071a35422d4a7c60d1da5f1dea1b627baf144311b029bafe99a3833aac,confirmed,unit-59-sold-20240118T020000-1794,{},2024-01-18 02:02:00+00
292,59,21,2,manufactured,New York Fulfillment Center,40.7128,-74.006,2024-02-09 00:00:00+00,e4d079e399f808e903f559dfc4464641859c55b489fbf803db7b9e3b131d1881,0000000000000000000000000000000000000000000000000000000000000000,0x1b51f4041978093e66291ee74a71de8fe60c8be92cd293e3f34025620593e660,confirmed,unit-59-manufactured-20240209T000000-7299,"{""batch_no"": ""B1672"", ""line"": ""B""}",2024-02-09 00:03:00+00
293,59,11,2,shipped,Mexico City Assembly Plant,19.4326,-99.1332,2024-02-11 04:00:00+00,14b0066877ee5eec31afa39a421e26f8c612ab09839e31960880b3b9a40942a5,113cd389962e8fc16b0dbdccc73592069d322a61305fe1b321c8f70fe887e642,0xe1bf33b2740cfa4b613620f204bb31e79e9a5ae09f255d41ff08258dee7fee63,confirmed,unit-59-shipped-20240211T040000-1641,"{""carrier"": ""UPS"", ""container_id"": ""CNT560767""}",2024-02-11 04:01:00+00
294,59,19,4,inspected,Hamburg Container Yard,53.5511,9.9937,2024-02-11 16:00:00+00,113cd389962e8fc16b0dbdccc73592069d322a61305fe1b321c8f70fe887e642,e4d079e399f808e903f559dfc4464641859c55b489fbf803db7b9e3b131d1881,0xd6a88b54a27ef39cb3af6b26362d043eeaaff4665060739c4e1b00e24539322e,confirmed,unit-59-inspected-20240211T160000-9214,"{""inspector_notes"": ""passed"", ""score"": 91.8}",2024-02-11 16:04:00+00
295,59,4,2,inspected,Mexico City Assembly Plant,19.4326,-99.1332,2024-03-17 07:00:00+00,1ff69ec9e4a2cd7fc13ef41d6119c7746ab4afde063b893787567580b2aeeb5f,caec724770f3dc156feafc862172166d8491917ac8c10148afb1541849fd30d7,0xf3d732e9351b8e156df685dacbac24aeb9b9c5198c6ff06218cdd5ea47f5aabe,confirmed,unit-59-inspected-20240317T070000-9625,{},2024-03-17 07:03:00+00
296,60,20,3,manufactured,Hamburg Container Yard,53.5511,9.9937,2024-09-24 00:00:00+00,afd6926ec891db085fc35e25545678f4cff5e9fd03b348969ce0efe3efc754c5,0000000000000000000000000000000000000000000000000000000000000000,0x675aa76c0c808fae9310b01c143a5177d761f530dc8cf3a4dd46be340ee2ef3f,confirmed,unit-60-manufactured-20240924T000000-5634,"{""batch_no"": ""B6543"", ""line"": ""C""}",2024-09-24 00:02:00+00
297,60,10,7,received,Rotterdam Distribution Hub,51.9244,4.4777,2024-09-25 18:00:00+00,1ed48431d091891005adbb3b3bba5d053e62fd88c00edefa2d4537c3c0568027,da3507692c1ad34568f6ac8c45354f9cc723ab395997e2b026b78a8322a575ef,0x1128d2616103d55958a4ab82e876410403ecd7a47f2f01be9ceae7097b8d06d4,confirmed,unit-60-received-20240925T180000-6072,"{""dock"": ""D11"", ""condition"": ""good""}",2024-09-25 18:03:00+00
298,60,20,1,inspected,,,,2024-09-25 22:00:00+00,834ca4e11bc31ba3735ae320ab79f10ec52acd654c3df2fd204781ed6a785e8b,afd6926ec891db085fc35e25545678f4cff5e9fd03b348969ce0efe3efc754c5,0x63cb09baf5feacb81acb0b2c7c75e131ff740ae673322d4da7565c7ae3a1c600,confirmed,unit-60-inspected-20240925T220000-2079,"{""inspector_notes"": ""passed with rework"", ""score"": 95.2}",2024-09-25 22:00:00+00
299,60,10,5,shipped,Sao Paulo Depot,-23.5505,-46.6333,2024-09-25 22:00:00+00,da3507692c1ad34568f6ac8c45354f9cc723ab395997e2b026b78a8322a575ef,834ca4e11bc31ba3735ae320ab79f10ec52acd654c3df2fd204781ed6a785e8b,,pending,unit-60-shipped-20240925T220000-6461,"{""carrier"": ""FedEx"", ""container_id"": ""CNT466813""}",2024-09-25 22:03:00+00
300,60,22,9,sold,Los Angeles Port Terminal,33.7406,-118.2706,2024-10-03 16:00:00+00,312b1e0b3cd74a3bc7ba77742a4dd2373110094b013342e41324e80efb5c391e,1ed48431d091891005adbb3b3bba5d053e62fd88c00edefa2d4537c3c0568027,0xa91cea8eca0baf6789718c034e2b350bb1e30013a25541ae9113e778371f19b8,confirmed,unit-60-sold-20241003T160000-9331,"{""order_id"": ""ORD57526"", ""channel"": ""online""}",2024-10-03 16:05:00+00
